{"Version":1,"ManifestType":"Publish","Endpoints":[{"Route":"admin/admin.css","AssetFile":"admin/admin.css","Selectors":[],"ResponseHeaders":[{"Name":"Cache-Control","Value":"no-cache"},{"Name":"Content-Length","Value":"43533"},{"Name":"Content-Type","Value":"text/css"},{"Name":"ETag","Value":"\"2tUymQRJSgDTaIMpTliY5fcdzuHyFrPn5jX4oGJZlL8=\""},{"Name":"Last-Modified","Value":"Thu, 22 Jan 2026 15:43:37 GMT"}],"EndpointProperties":[{"Name":"integrity","Value":"sha256-2tUymQRJSgDTaIMpTliY5fcdzuHyFrPn5jX4oGJZlL8="}]},{"Route":"admin/admin.js","AssetFile":"admin/admin.js","Selectors":[],"ResponseHeaders":[{"Name":"Cache-Control","Value":"no-cache"},{"Name":"Content-Length","Value":"356083"},{"Name":"Content-Type","Value":"text/javascript"},{"Name":"ETag","Value":"\"1Q81olDmlm5iwX6DaKVL695B8fPtIWxG7k4/eSUAxJo=\""},{"Name":"Last-Modified","Value":"Thu, 22 Jan 2026 15:42:34 GMT"}],"EndpointProperties":[{"Name":"integrity","Value":"sha256-1Q81olDmlm5iwX6DaKVL695B8fPtIWxG7k4/eSUAxJo="}]},{"Route":"admin/admin.mojqg1tjet.css","AssetFile":"admin/admin.css","Selectors":[],"ResponseHeaders":[{"Name":"Cache-Control","Value":"max-age=31536000, immutable"},{"Name":"Content-Length","Value":"43533"},{"Name":"Content-Type","Value":"text/css"},{"Name":"ETag","Value":"\"2tUymQRJSgDTaIMpTliY5fcdzuHyFrPn5jX4oGJZlL8=\""},{"Name":"Last-Modified","Value":"Thu, 22 Jan 2026 15:43:37 GMT"}],"EndpointProperties":[{"Name":"fingerprint","Value":"mojqg1tjet"},{"Name":"integrity","Value":"sha256-2tUymQRJSgDTaIMpTliY5fcdzuHyFrPn5jX4oGJZlL8="},{"Name":"label","Value":"admin/admin.css"}]},{"Route":"admin/admin.prvkuxn7wq.js","AssetFile":"admin/admin.js","Selectors":[],"ResponseHeaders":[{"Name":"Cache-Control","Value":"max-age=31536000, immutable"},{"Name":"Content-Length","Value":"356083"},{"Name":"Content-Type","Value":"text/javascript"},{"Name":"ETag","Value":"\"1Q81olDmlm5iwX6DaKVL695B8fPtIWxG7k4/eSUAxJo=\""},{"Name":"Last-Modified","Value":"Thu, 22 Jan 2026 15:42:34 GMT"}],"EndpointProperties":[{"Name":"fingerprint","Value":"prvkuxn7wq"},{"Name":"integrity","Value":"sha256-1Q81olDmlm5iwX6DaKVL695B8fPtIWxG7k4/eSUAxJo="},{"Name":"label","Value":"admin/admin.js"}]},{"Route":"admin/index.0vc78oih5d.html","AssetFile":"admin/index.html","Selectors":[],"ResponseHeaders":[{"Name":"Cache-Control","Value":"max-age=31536000, immutable"},{"Name":"Content-Length","Value":"568"},{"Name":"Content-Type","Value":"text/html"},{"Name":"ETag","Value":"\"3AR8Hxm7o0RjEuKl9C6rtrQtIJKSOTvE/Gh4imVobG0=\""},{"Name":"Last-Modified","Value":"Wed, 21 Jan 2026 07:36:24 GMT"}],"EndpointProperties":[{"Name":"fingerprint","Value":"0vc78oih5d"},{"Name":"integrity","Value":"sha256-3AR8Hxm7o0RjEuKl9C6rtrQtIJKSOTvE/Gh4imVobG0="},{"Name":"label","Value":"admin/index.html"}]},{"Route":"admin/index.html","AssetFile":"admin/index.html","Selectors":[],"ResponseHeaders":[{"Name":"Cache-Control","Value":"no-cache"},{"Name":"Content-Length","Value":"568"},{"Name":"Content-Type","Value":"text/html"},{"Name":"ETag","Value":"\"3AR8Hxm7o0RjEuKl9C6rtrQtIJKSOTvE/Gh4imVobG0=\""},{"Name":"Last-Modified","Value":"Wed, 21 Jan 2026 07:36:24 GMT"}],"EndpointProperties":[{"Name":"integrity","Value":"sha256-3AR8Hxm7o0RjEuKl9C6rtrQtIJKSOTvE/Gh4imVobG0="}]},{"Route":"app/app.789264oert.css","AssetFile":"app/app.css","Selectors":[],"ResponseHeaders":[{"Name":"Cache-Control","Value":"max-age=31536000, immutable"},{"Name":"Content-Length","Value":"9033"},{"Name":"Content-Type","Value":"text/css"},{"Name":"ETag","Value":"\"yQ4a/Ikgahy2fi/P3cqlq8M6zEmK4XiUqAffs1M3BCw=\""},{"Name":"Last-Modified","Value":"Tue, 20 Jan 2026 23:31:56 GMT"}],"EndpointProperties":[{"Name":"fingerprint","Value":"789264oert"},{"Name":"integrity","Value":"sha256-yQ4a/Ikgahy2fi/P3cqlq8M6zEmK4XiUqAffs1M3BCw="},{"Name":"label","Value":"app/app.css"}]},{"Route":"app/app.96fgmoohun.js","AssetFile":"app/app.js","Selectors":[],"ResponseHeaders":[{"Name":"Cache-Control","Value":"max-age=31536000, immutable"},{"Name":"Content-Length","Value":"58268"},{"Name":"Content-Type","Value":"text/javascript"},{"Name":"ETag","Value":"\"0ab0zxBCptNloe1B3JOoIuSODxJUjpb6EOQp1bBi8L4=\""},{"Name":"Last-Modified","Value":"Wed, 21 Jan 2026 07:40:32 GMT"}],"EndpointProperties":[{"Name":"fingerprint","Value":"96fgmoohun"},{"Name":"integrity","Value":"sha256-0ab0zxBCptNloe1B3JOoIuSODxJUjpb6EOQp1bBi8L4="},{"Name":"label","Value":"app/app.js"}]},{"Route":"app/app.css","AssetFile":"app/app.css","Selectors":[],"ResponseHeaders":[{"Name":"Cache-Control","Value":"no-cache"},{"Name":"Content-Length","Value":"9033"},{"Name":"Content-Type","Value":"text/css"},{"Name":"ETag","Value":"\"yQ4a/Ikgahy2fi/P3cqlq8M6zEmK4XiUqAffs1M3BCw=\""},{"Name":"Last-Modified","Value":"Tue, 20 Jan 2026 23:31:56 GMT"}],"EndpointProperties":[{"Name":"integrity","Value":"sha256-yQ4a/Ikgahy2fi/P3cqlq8M6zEmK4XiUqAffs1M3BCw="}]},{"Route":"app/app.js","AssetFile":"app/app.js","Selectors":[],"ResponseHeaders":[{"Name":"Cache-Control","Value":"no-cache"},{"Name":"Content-Length","Value":"58268"},{"Name":"Content-Type","Value":"text/javascript"},{"Name":"ETag","Value":"\"0ab0zxBCptNloe1B3JOoIuSODxJUjpb6EOQp1bBi8L4=\""},{"Name":"Last-Modified","Value":"Wed, 21 Jan 2026 07:40:32 GMT"}],"EndpointProperties":[{"Name":"integrity","Value":"sha256-0ab0zxBCptNloe1B3JOoIuSODxJUjpb6EOQp1bBi8L4="}]},{"Route":"app/index.6lmu5u5trq.html","AssetFile":"app/index.html","Selectors":[],"ResponseHeaders":[{"Name":"Cache-Control","Value":"max-age=31536000, immutable"},{"Name":"Content-Length","Value":"555"},{"Name":"Content-Type","Value":"text/html"},{"Name":"ETag","Value":"\"JkXPSWXay07Q29UVvnhLSVwsHyb2E2XpYn/Lx/JbnR0=\""},{"Name":"Last-Modified","Value":"Wed, 21 Jan 2026 07:36:37 GMT"}],"EndpointProperties":[{"Name":"fingerprint","Value":"6lmu5u5trq"},{"Name":"integrity","Value":"sha256-JkXPSWXay07Q29UVvnhLSVwsHyb2E2XpYn/Lx/JbnR0="},{"Name":"label","Value":"app/index.html"}]},{"Route":"app/index.html","AssetFile":"app/index.html","Selectors":[],"ResponseHeaders":[{"Name":"Cache-Control","Value":"no-cache"},{"Name":"Content-Length","Value":"555"},{"Name":"Content-Type","Value":"text/html"},{"Name":"ETag","Value":"\"JkXPSWXay07Q29UVvnhLSVwsHyb2E2XpYn/Lx/JbnR0=\""},{"Name":"Last-Modified","Value":"Wed, 21 Jan 2026 07:36:37 GMT"}],"EndpointProperties":[{"Name":"integrity","Value":"sha256-JkXPSWXay07Q29UVvnhLSVwsHyb2E2XpYn/Lx/JbnR0="}]},{"Route":"assets/logo-placeholder.gkkr779j9t.svg","AssetFile":"assets/logo-placeholder.svg","Selectors":[],"ResponseHeaders":[{"Name":"Cache-Control","Value":"max-age=31536000, immutable"},{"Name":"Content-Length","Value":"574"},{"Name":"Content-Type","Value":"image/svg+xml"},{"Name":"ETag","Value":"\"ICyLCH1AdX74l44S7Drk7c946tIGEYwc5DBPFLp8Ji8=\""},{"Name":"Last-Modified","Value":"Tue, 20 Jan 2026 23:33:00 GMT"}],"EndpointProperties":[{"Name":"fingerprint","Value":"gkkr779j9t"},{"Name":"integrity","Value":"sha256-ICyLCH1AdX74l44S7Drk7c946tIGEYwc5DBPFLp8Ji8="},{"Name":"label","Value":"assets/logo-placeholder.svg"}]},{"Route":"assets/logo-placeholder.svg","AssetFile":"assets/logo-placeholder.svg","Selectors":[],"ResponseHeaders":[{"Name":"Cache-Control","Value":"max-age=3600, must-revalidate"},{"Name":"Content-Length","Value":"574"},{"Name":"Content-Type","Value":"image/svg+xml"},{"Name":"ETag","Value":"\"ICyLCH1AdX74l44S7Drk7c946tIGEYwc5DBPFLp8Ji8=\""},{"Name":"Last-Modified","Value":"Tue, 20 Jan 2026 23:33:00 GMT"}],"EndpointProperties":[{"Name":"integrity","Value":"sha256-ICyLCH1AdX74l44S7Drk7c946tIGEYwc5DBPFLp8Ji8="}]},{"Route":"guest/guest.6qfijpk1gx.css","AssetFile":"guest/guest.css","Selectors":[],"ResponseHeaders":[{"Name":"Cache-Control","Value":"max-age=31536000, immutable"},{"Name":"Content-Length","Value":"1340"},{"Name":"Content-Type","Value":"text/css"},{"Name":"ETag","Value":"\"HpctXUjBrssj+7037DS7/yb1TZwAZIVn5JEveG55+ns=\""},{"Name":"Last-Modified","Value":"Sun, 18 Jan 2026 08:41:42 GMT"}],"EndpointProperties":[{"Name":"fingerprint","Value":"6qfijpk1gx"},{"Name":"integrity","Value":"sha256-HpctXUjBrssj+7037DS7/yb1TZwAZIVn5JEveG55+ns="},{"Name":"label","Value":"guest/guest.css"}]},{"Route":"guest/guest.71ztx7bnw1.js","AssetFile":"guest/guest.js","Selectors":[],"ResponseHeaders":[{"Name":"Cache-Control","Value":"max-age=31536000, immutable"},{"Name":"Content-Length","Value":"20531"},{"Name":"Content-Type","Value":"text/javascript"},{"Name":"ETag","Value":"\"ZfzwEGDh7wiedGtg8rcqFpryQlOL3uYm9/7RSl+akOQ=\""},{"Name":"Last-Modified","Value":"Sun, 18 Jan 2026 08:41:21 GMT"}],"EndpointProperties":[{"Name":"fingerprint","Value":"71ztx7bnw1"},{"Name":"integrity","Value":"sha256-ZfzwEGDh7wiedGtg8rcqFpryQlOL3uYm9/7RSl+akOQ="},{"Name":"label","Value":"guest/guest.js"}]},{"Route":"guest/guest.css","AssetFile":"guest/guest.css","Selectors":[],"ResponseHeaders":[{"Name":"Cache-Control","Value":"no-cache"},{"Name":"Content-Length","Value":"1340"},{"Name":"Content-Type","Value":"text/css"},{"Name":"ETag","Value":"\"HpctXUjBrssj+7037DS7/yb1TZwAZIVn5JEveG55+ns=\""},{"Name":"Last-Modified","Value":"Sun, 18 Jan 2026 08:41:42 GMT"}],"EndpointProperties":[{"Name":"integrity","Value":"sha256-HpctXUjBrssj+7037DS7/yb1TZwAZIVn5JEveG55+ns="}]},{"Route":"guest/guest.js","AssetFile":"guest/guest.js","Selectors":[],"ResponseHeaders":[{"Name":"Cache-Control","Value":"no-cache"},{"Name":"Content-Length","Value":"20531"},{"Name":"Content-Type","Value":"text/javascript"},{"Name":"ETag","Value":"\"ZfzwEGDh7wiedGtg8rcqFpryQlOL3uYm9/7RSl+akOQ=\""},{"Name":"Last-Modified","Value":"Sun, 18 Jan 2026 08:41:21 GMT"}],"EndpointProperties":[{"Name":"integrity","Value":"sha256-ZfzwEGDh7wiedGtg8rcqFpryQlOL3uYm9/7RSl+akOQ="}]},{"Route":"guest/index.html","AssetFile":"guest/index.html","Selectors":[],"ResponseHeaders":[{"Name":"Cache-Control","Value":"no-cache"},{"Name":"Content-Length","Value":"570"},{"Name":"Content-Type","Value":"text/html"},{"Name":"ETag","Value":"\"msuTzBB8Xp73AqOpwNlFHgce/Rl5od4v0zt57EoKqF0=\""},{"Name":"Last-Modified","Value":"Wed, 21 Jan 2026 07:36:56 GMT"}],"EndpointProperties":[{"Name":"integrity","Value":"sha256-msuTzBB8Xp73AqOpwNlFHgce/Rl5od4v0zt57EoKqF0="}]},{"Route":"guest/index.msqb4h315a.html","AssetFile":"guest/index.html","Selectors":[],"ResponseHeaders":[{"Name":"Cache-Control","Value":"max-age=31536000, immutable"},{"Name":"Content-Length","Value":"570"},{"Name":"Content-Type","Value":"text/html"},{"Name":"ETag","Value":"\"msuTzBB8Xp73AqOpwNlFHgce/Rl5od4v0zt57EoKqF0=\""},{"Name":"Last-Modified","Value":"Wed, 21 Jan 2026 07:36:56 GMT"}],"EndpointProperties":[{"Name":"fingerprint","Value":"msqb4h315a"},{"Name":"integrity","Value":"sha256-msuTzBB8Xp73AqOpwNlFHgce/Rl5od4v0zt57EoKqF0="},{"Name":"label","Value":"guest/index.html"}]},{"Route":"i18n/admin.en.json","AssetFile":"i18n/admin.en.json","Selectors":[],"ResponseHeaders":[{"Name":"Cache-Control","Value":"no-cache"},{"Name":"Content-Length","Value":"30744"},{"Name":"Content-Type","Value":"application/json"},{"Name":"ETag","Value":"\"7b1Jf+JipCwf2CyE8ZdFcWACMSelSvF2rCoAuYCFKFA=\""},{"Name":"Last-Modified","Value":"Thu, 22 Jan 2026 15:12:30 GMT"}],"EndpointProperties":[{"Name":"integrity","Value":"sha256-7b1Jf+JipCwf2CyE8ZdFcWACMSelSvF2rCoAuYCFKFA="}]},{"Route":"i18n/admin.en.ptopgh41uw.json","AssetFile":"i18n/admin.en.json","Selectors":[],"ResponseHeaders":[{"Name":"Cache-Control","Value":"max-age=31536000, immutable"},{"Name":"Content-Length","Value":"30744"},{"Name":"Content-Type","Value":"application/json"},{"Name":"ETag","Value":"\"7b1Jf+JipCwf2CyE8ZdFcWACMSelSvF2rCoAuYCFKFA=\""},{"Name":"Last-Modified","Value":"Thu, 22 Jan 2026 15:12:30 GMT"}],"EndpointProperties":[{"Name":"fingerprint","Value":"ptopgh41uw"},{"Name":"integrity","Value":"sha256-7b1Jf+JipCwf2CyE8ZdFcWACMSelSvF2rCoAuYCFKFA="},{"Name":"label","Value":"i18n/admin.en.json"}]},{"Route":"i18n/admin.he.json","AssetFile":"i18n/admin.he.json","Selectors":[],"ResponseHeaders":[{"Name":"Cache-Control","Value":"no-cache"},{"Name":"Content-Length","Value":"60675"},{"Name":"Content-Type","Value":"application/json"},{"Name":"ETag","Value":"\"dSXH1zccuv5x+UloujYcb447FF2Jq9QN8In2Nyid/VM=\""},{"Name":"Last-Modified","Value":"Thu, 22 Jan 2026 15:14:07 GMT"}],"EndpointProperties":[{"Name":"integrity","Value":"sha256-dSXH1zccuv5x+UloujYcb447FF2Jq9QN8In2Nyid/VM="}]},{"Route":"i18n/admin.he.prl9blnu1c.json","AssetFile":"i18n/admin.he.json","Selectors":[],"ResponseHeaders":[{"Name":"Cache-Control","Value":"max-age=31536000, immutable"},{"Name":"Content-Length","Value":"60675"},{"Name":"Content-Type","Value":"application/json"},{"Name":"ETag","Value":"\"dSXH1zccuv5x+UloujYcb447FF2Jq9QN8In2Nyid/VM=\""},{"Name":"Last-Modified","Value":"Thu, 22 Jan 2026 15:14:07 GMT"}],"EndpointProperties":[{"Name":"fingerprint","Value":"prl9blnu1c"},{"Name":"integrity","Value":"sha256-dSXH1zccuv5x+UloujYcb447FF2Jq9QN8In2Nyid/VM="},{"Name":"label","Value":"i18n/admin.he.json"}]},{"Route":"i18n/app.en.fbnlo9ru1s.json","AssetFile":"i18n/app.en.json","Selectors":[],"ResponseHeaders":[{"Name":"Cache-Control","Value":"max-age=31536000, immutable"},{"Name":"Content-Length","Value":"5822"},{"Name":"Content-Type","Value":"application/json"},{"Name":"ETag","Value":"\"S3VJTidPvBohnc9KrInAUkgPW0USL8/SMn+gf8EXdDk=\""},{"Name":"Last-Modified","Value":"Wed, 21 Jan 2026 07:39:25 GMT"}],"EndpointProperties":[{"Name":"fingerprint","Value":"fbnlo9ru1s"},{"Name":"integrity","Value":"sha256-S3VJTidPvBohnc9KrInAUkgPW0USL8/SMn+gf8EXdDk="},{"Name":"label","Value":"i18n/app.en.json"}]},{"Route":"i18n/app.en.json","AssetFile":"i18n/app.en.json","Selectors":[],"ResponseHeaders":[{"Name":"Cache-Control","Value":"no-cache"},{"Name":"Content-Length","Value":"5822"},{"Name":"Content-Type","Value":"application/json"},{"Name":"ETag","Value":"\"S3VJTidPvBohnc9KrInAUkgPW0USL8/SMn+gf8EXdDk=\""},{"Name":"Last-Modified","Value":"Wed, 21 Jan 2026 07:39:25 GMT"}],"EndpointProperties":[{"Name":"integrity","Value":"sha256-S3VJTidPvBohnc9KrInAUkgPW0USL8/SMn+gf8EXdDk="}]},{"Route":"i18n/app.he.iejxcdte63.json","AssetFile":"i18n/app.he.json","Selectors":[],"ResponseHeaders":[{"Name":"Cache-Control","Value":"max-age=31536000, immutable"},{"Name":"Content-Length","Value":"7288"},{"Name":"Content-Type","Value":"application/json"},{"Name":"ETag","Value":"\"hu8L+fkimbyU2neKA4xTqgspWaz1Cv0d2H97bsxHN/c=\""},{"Name":"Last-Modified","Value":"Wed, 21 Jan 2026 07:40:02 GMT"}],"EndpointProperties":[{"Name":"fingerprint","Value":"iejxcdte63"},{"Name":"integrity","Value":"sha256-hu8L+fkimbyU2neKA4xTqgspWaz1Cv0d2H97bsxHN/c="},{"Name":"label","Value":"i18n/app.he.json"}]},{"Route":"i18n/app.he.json","AssetFile":"i18n/app.he.json","Selectors":[],"ResponseHeaders":[{"Name":"Cache-Control","Value":"no-cache"},{"Name":"Content-Length","Value":"7288"},{"Name":"Content-Type","Value":"application/json"},{"Name":"ETag","Value":"\"hu8L+fkimbyU2neKA4xTqgspWaz1Cv0d2H97bsxHN/c=\""},{"Name":"Last-Modified","Value":"Wed, 21 Jan 2026 07:40:02 GMT"}],"EndpointProperties":[{"Name":"integrity","Value":"sha256-hu8L+fkimbyU2neKA4xTqgspWaz1Cv0d2H97bsxHN/c="}]},{"Route":"instructor/index.7o571c848t.html","AssetFile":"instructor/index.html","Selectors":[],"ResponseHeaders":[{"Name":"Cache-Control","Value":"max-age=31536000, immutable"},{"Name":"Content-Length","Value":"600"},{"Name":"Content-Type","Value":"text/html"},{"Name":"ETag","Value":"\"d+mL3tMHHEBqtmu8+YQwvhNA1DmjYoEVvDJX4pOVVCE=\""},{"Name":"Last-Modified","Value":"Wed, 21 Jan 2026 07:37:09 GMT"}],"EndpointProperties":[{"Name":"fingerprint","Value":"7o571c848t"},{"Name":"integrity","Value":"sha256-d+mL3tMHHEBqtmu8+YQwvhNA1DmjYoEVvDJX4pOVVCE="},{"Name":"label","Value":"instructor/index.html"}]},{"Route":"instructor/index.html","AssetFile":"instructor/index.html","Selectors":[],"ResponseHeaders":[{"Name":"Cache-Control","Value":"no-cache"},{"Name":"Content-Length","Value":"600"},{"Name":"Content-Type","Value":"text/html"},{"Name":"ETag","Value":"\"d+mL3tMHHEBqtmu8+YQwvhNA1DmjYoEVvDJX4pOVVCE=\""},{"Name":"Last-Modified","Value":"Wed, 21 Jan 2026 07:37:09 GMT"}],"EndpointProperties":[{"Name":"integrity","Value":"sha256-d+mL3tMHHEBqtmu8+YQwvhNA1DmjYoEVvDJX4pOVVCE="}]},{"Route":"instructor/instructor.9kjmquezt1.css","AssetFile":"instructor/instructor.css","Selectors":[],"ResponseHeaders":[{"Name":"Cache-Control","Value":"max-age=31536000, immutable"},{"Name":"Content-Length","Value":"2920"},{"Name":"Content-Type","Value":"text/css"},{"Name":"ETag","Value":"\"iT7wI5+BdfQIFnqelex/2M4nP6s/ykMgX37NcnC+A2A=\""},{"Name":"Last-Modified","Value":"Mon, 19 Jan 2026 22:34:35 GMT"}],"EndpointProperties":[{"Name":"fingerprint","Value":"9kjmquezt1"},{"Name":"integrity","Value":"sha256-iT7wI5+BdfQIFnqelex/2M4nP6s/ykMgX37NcnC+A2A="},{"Name":"label","Value":"instructor/instructor.css"}]},{"Route":"instructor/instructor.css","AssetFile":"instructor/instructor.css","Selectors":[],"ResponseHeaders":[{"Name":"Cache-Control","Value":"no-cache"},{"Name":"Content-Length","Value":"2920"},{"Name":"Content-Type","Value":"text/css"},{"Name":"ETag","Value":"\"iT7wI5+BdfQIFnqelex/2M4nP6s/ykMgX37NcnC+A2A=\""},{"Name":"Last-Modified","Value":"Mon, 19 Jan 2026 22:34:35 GMT"}],"EndpointProperties":[{"Name":"integrity","Value":"sha256-iT7wI5+BdfQIFnqelex/2M4nP6s/ykMgX37NcnC+A2A="}]},{"Route":"instructor/instructor.js","AssetFile":"instructor/instructor.js","Selectors":[],"ResponseHeaders":[{"Name":"Cache-Control","Value":"no-cache"},{"Name":"Content-Length","Value":"32571"},{"Name":"Content-Type","Value":"text/javascript"},{"Name":"ETag","Value":"\"jVBJN+I+Ye3kXD3Of+aszKa++yQA1/aZzfL1XWau0No=\""},{"Name":"Last-Modified","Value":"Mon, 19 Jan 2026 23:03:06 GMT"}],"EndpointProperties":[{"Name":"integrity","Value":"sha256-jVBJN+I+Ye3kXD3Of+aszKa++yQA1/aZzfL1XWau0No="}]},{"Route":"instructor/instructor.zgxwukpkwh.js","AssetFile":"instructor/instructor.js","Selectors":[],"ResponseHeaders":[{"Name":"Cache-Control","Value":"max-age=31536000, immutable"},{"Name":"Content-Length","Value":"32571"},{"Name":"Content-Type","Value":"text/javascript"},{"Name":"ETag","Value":"\"jVBJN+I+Ye3kXD3Of+aszKa++yQA1/aZzfL1XWau0No=\""},{"Name":"Last-Modified","Value":"Mon, 19 Jan 2026 23:03:06 GMT"}],"EndpointProperties":[{"Name":"fingerprint","Value":"zgxwukpkwh"},{"Name":"integrity","Value":"sha256-jVBJN+I+Ye3kXD3Of+aszKa++yQA1/aZzfL1XWau0No="},{"Name":"label","Value":"instructor/instructor.js"}]},{"Route":"marketing/index.html","AssetFile":"marketing/index.html","Selectors":[],"ResponseHeaders":[{"Name":"Cache-Control","Value":"no-cache"},{"Name":"Content-Length","Value":"14689"},{"Name":"Content-Type","Value":"text/html"},{"Name":"ETag","Value":"\"Iri0QwfVAVquR9TzmzIB+vbgm7CtUxvki8J95YFh0pU=\""},{"Name":"Last-Modified","Value":"Wed, 21 Jan 2026 07:39:13 GMT"}],"EndpointProperties":[{"Name":"integrity","Value":"sha256-Iri0QwfVAVquR9TzmzIB+vbgm7CtUxvki8J95YFh0pU="}]},{"Route":"marketing/index.qhyxjmtxj1.html","AssetFile":"marketing/index.html","Selectors":[],"ResponseHeaders":[{"Name":"Cache-Control","Value":"max-age=31536000, immutable"},{"Name":"Content-Length","Value":"14689"},{"Name":"Content-Type","Value":"text/html"},{"Name":"ETag","Value":"\"Iri0QwfVAVquR9TzmzIB+vbgm7CtUxvki8J95YFh0pU=\""},{"Name":"Last-Modified","Value":"Wed, 21 Jan 2026 07:39:13 GMT"}],"EndpointProperties":[{"Name":"fingerprint","Value":"qhyxjmtxj1"},{"Name":"integrity","Value":"sha256-Iri0QwfVAVquR9TzmzIB+vbgm7CtUxvki8J95YFh0pU="},{"Name":"label","Value":"marketing/index.html"}]},{"Route":"marketing/marketing.chcwelxkjm.css","AssetFile":"marketing/marketing.css","Selectors":[],"ResponseHeaders":[{"Name":"Cache-Control","Value":"max-age=31536000, immutable"},{"Name":"Content-Length","Value":"6836"},{"Name":"Content-Type","Value":"text/css"},{"Name":"ETag","Value":"\"0KaJH7O7zkKW8CLVlv9rJTaHRgCNNeKPt8BlCIxf1kY=\""},{"Name":"Last-Modified","Value":"Thu, 15 Jan 2026 06:38:50 GMT"}],"EndpointProperties":[{"Name":"fingerprint","Value":"chcwelxkjm"},{"Name":"integrity","Value":"sha256-0KaJH7O7zkKW8CLVlv9rJTaHRgCNNeKPt8BlCIxf1kY="},{"Name":"label","Value":"marketing/marketing.css"}]},{"Route":"marketing/marketing.css","AssetFile":"marketing/marketing.css","Selectors":[],"ResponseHeaders":[{"Name":"Cache-Control","Value":"no-cache"},{"Name":"Content-Length","Value":"6836"},{"Name":"Content-Type","Value":"text/css"},{"Name":"ETag","Value":"\"0KaJH7O7zkKW8CLVlv9rJTaHRgCNNeKPt8BlCIxf1kY=\""},{"Name":"Last-Modified","Value":"Thu, 15 Jan 2026 06:38:50 GMT"}],"EndpointProperties":[{"Name":"integrity","Value":"sha256-0KaJH7O7zkKW8CLVlv9rJTaHRgCNNeKPt8BlCIxf1kY="}]},{"Route":"marketing/marketing.i4yv0hujqe.js","AssetFile":"marketing/marketing.js","Selectors":[],"ResponseHeaders":[{"Name":"Cache-Control","Value":"max-age=31536000, immutable"},{"Name":"Content-Length","Value":"766"},{"Name":"Content-Type","Value":"text/javascript"},{"Name":"ETag","Value":"\"fr3valWNmAjINOOE0kQ7BCKH4UyqJLGlfP+JaDQMnC0=\""},{"Name":"Last-Modified","Value":"Tue, 13 Jan 2026 16:59:33 GMT"}],"EndpointProperties":[{"Name":"fingerprint","Value":"i4yv0hujqe"},{"Name":"integrity","Value":"sha256-fr3valWNmAjINOOE0kQ7BCKH4UyqJLGlfP+JaDQMnC0="},{"Name":"label","Value":"marketing/marketing.js"}]},{"Route":"marketing/marketing.js","AssetFile":"marketing/marketing.js","Selectors":[],"ResponseHeaders":[{"Name":"Cache-Control","Value":"no-cache"},{"Name":"Content-Length","Value":"766"},{"Name":"Content-Type","Value":"text/javascript"},{"Name":"ETag","Value":"\"fr3valWNmAjINOOE0kQ7BCKH4UyqJLGlfP+JaDQMnC0=\""},{"Name":"Last-Modified","Value":"Tue, 13 Jan 2026 16:59:33 GMT"}],"EndpointProperties":[{"Name":"integrity","Value":"sha256-fr3valWNmAjINOOE0kQ7BCKH4UyqJLGlfP+JaDQMnC0="}]},{"Route":"public/index.html","AssetFile":"public/index.html","Selectors":[],"ResponseHeaders":[{"Name":"Cache-Control","Value":"no-cache"},{"Name":"Content-Length","Value":"571"},{"Name":"Content-Type","Value":"text/html"},{"Name":"ETag","Value":"\"oKAcndz/4kFzIfc4nt8YOZkdzo1xFZhw6Fh0hY3afDk=\""},{"Name":"Last-Modified","Value":"Wed, 21 Jan 2026 07:37:22 GMT"}],"EndpointProperties":[{"Name":"integrity","Value":"sha256-oKAcndz/4kFzIfc4nt8YOZkdzo1xFZhw6Fh0hY3afDk="}]},{"Route":"public/index.o63mbz5pfc.html","AssetFile":"public/index.html","Selectors":[],"ResponseHeaders":[{"Name":"Cache-Control","Value":"max-age=31536000, immutable"},{"Name":"Content-Length","Value":"571"},{"Name":"Content-Type","Value":"text/html"},{"Name":"ETag","Value":"\"oKAcndz/4kFzIfc4nt8YOZkdzo1xFZhw6Fh0hY3afDk=\""},{"Name":"Last-Modified","Value":"Wed, 21 Jan 2026 07:37:22 GMT"}],"EndpointProperties":[{"Name":"fingerprint","Value":"o63mbz5pfc"},{"Name":"integrity","Value":"sha256-oKAcndz/4kFzIfc4nt8YOZkdzo1xFZhw6Fh0hY3afDk="},{"Name":"label","Value":"public/index.html"}]},{"Route":"public/legal.3f7nq1zrt8.js","AssetFile":"public/legal.js","Selectors":[],"ResponseHeaders":[{"Name":"Cache-Control","Value":"max-age=31536000, immutable"},{"Name":"Content-Length","Value":"534"},{"Name":"Content-Type","Value":"text/javascript"},{"Name":"ETag","Value":"\"sYxt/efYCCnXnHofTsxoNvzo2Nd1Qil98Rs4nPR2Vzo=\""},{"Name":"Last-Modified","Value":"Thu, 15 Jan 2026 23:28:33 GMT"}],"EndpointProperties":[{"Name":"fingerprint","Value":"3f7nq1zrt8"},{"Name":"integrity","Value":"sha256-sYxt/efYCCnXnHofTsxoNvzo2Nd1Qil98Rs4nPR2Vzo="},{"Name":"label","Value":"public/legal.js"}]},{"Route":"public/legal.js","AssetFile":"public/legal.js","Selectors":[],"ResponseHeaders":[{"Name":"Cache-Control","Value":"no-cache"},{"Name":"Content-Length","Value":"534"},{"Name":"Content-Type","Value":"text/javascript"},{"Name":"ETag","Value":"\"sYxt/efYCCnXnHofTsxoNvzo2Nd1Qil98Rs4nPR2Vzo=\""},{"Name":"Last-Modified","Value":"Thu, 15 Jan 2026 23:28:33 GMT"}],"EndpointProperties":[{"Name":"integrity","Value":"sha256-sYxt/efYCCnXnHofTsxoNvzo2Nd1Qil98Rs4nPR2Vzo="}]},{"Route":"public/privacy.4xc6yhjiem.html","AssetFile":"public/privacy.html","Selectors":[],"ResponseHeaders":[{"Name":"Cache-Control","Value":"max-age=31536000, immutable"},{"Name":"Content-Length","Value":"597"},{"Name":"Content-Type","Value":"text/html"},{"Name":"ETag","Value":"\"GIMqksnKfm20yH6evtDdn2oarv4sgxGKJOEJNYfjcsA=\""},{"Name":"Last-Modified","Value":"Wed, 21 Jan 2026 07:37:37 GMT"}],"EndpointProperties":[{"Name":"fingerprint","Value":"4xc6yhjiem"},{"Name":"integrity","Value":"sha256-GIMqksnKfm20yH6evtDdn2oarv4sgxGKJOEJNYfjcsA="},{"Name":"label","Value":"public/privacy.html"}]},{"Route":"public/privacy.html","AssetFile":"public/privacy.html","Selectors":[],"ResponseHeaders":[{"Name":"Cache-Control","Value":"no-cache"},{"Name":"Content-Length","Value":"597"},{"Name":"Content-Type","Value":"text/html"},{"Name":"ETag","Value":"\"GIMqksnKfm20yH6evtDdn2oarv4sgxGKJOEJNYfjcsA=\""},{"Name":"Last-Modified","Value":"Wed, 21 Jan 2026 07:37:37 GMT"}],"EndpointProperties":[{"Name":"integrity","Value":"sha256-GIMqksnKfm20yH6evtDdn2oarv4sgxGKJOEJNYfjcsA="}]},{"Route":"public/privacy.md","AssetFile":"public/privacy.md","Selectors":[],"ResponseHeaders":[{"Name":"Cache-Control","Value":"no-cache"},{"Name":"Content-Length","Value":"539"},{"Name":"Content-Type","Value":"text/markdown"},{"Name":"ETag","Value":"\"EvLfnXa0tAfAhXIV9pU6WseMR/4aB1JOnNfn8I9McSk=\""},{"Name":"Last-Modified","Value":"Thu, 15 Jan 2026 23:27:32 GMT"}],"EndpointProperties":[{"Name":"integrity","Value":"sha256-EvLfnXa0tAfAhXIV9pU6WseMR/4aB1JOnNfn8I9McSk="}]},{"Route":"public/privacy.yj6r8vt4g2.md","AssetFile":"public/privacy.md","Selectors":[],"ResponseHeaders":[{"Name":"Cache-Control","Value":"max-age=31536000, immutable"},{"Name":"Content-Length","Value":"539"},{"Name":"Content-Type","Value":"text/markdown"},{"Name":"ETag","Value":"\"EvLfnXa0tAfAhXIV9pU6WseMR/4aB1JOnNfn8I9McSk=\""},{"Name":"Last-Modified","Value":"Thu, 15 Jan 2026 23:27:32 GMT"}],"EndpointProperties":[{"Name":"fingerprint","Value":"yj6r8vt4g2"},{"Name":"integrity","Value":"sha256-EvLfnXa0tAfAhXIV9pU6WseMR/4aB1JOnNfn8I9McSk="},{"Name":"label","Value":"public/privacy.md"}]},{"Route":"public/public.b0j2ommd82.js","AssetFile":"public/public.js","Selectors":[],"ResponseHeaders":[{"Name":"Cache-Control","Value":"max-age=31536000, immutable"},{"Name":"Content-Length","Value":"3505"},{"Name":"Content-Type","Value":"text/javascript"},{"Name":"ETag","Value":"\"RWP4u9GvsN2R50kec4U7UqHMn2/PrOG7tXNDxKfu0xM=\""},{"Name":"Last-Modified","Value":"Mon, 12 Jan 2026 23:31:01 GMT"}],"EndpointProperties":[{"Name":"fingerprint","Value":"b0j2ommd82"},{"Name":"integrity","Value":"sha256-RWP4u9GvsN2R50kec4U7UqHMn2/PrOG7tXNDxKfu0xM="},{"Name":"label","Value":"public/public.js"}]},{"Route":"public/public.css","AssetFile":"public/public.css","Selectors":[],"ResponseHeaders":[{"Name":"Cache-Control","Value":"no-cache"},{"Name":"Content-Length","Value":"2291"},{"Name":"Content-Type","Value":"text/css"},{"Name":"ETag","Value":"\"BddoCEO2uh3kUis2VL23GDid+wHnNmRJOca9++PkB/I=\""},{"Name":"Last-Modified","Value":"Tue, 20 Jan 2026 23:32:15 GMT"}],"EndpointProperties":[{"Name":"integrity","Value":"sha256-BddoCEO2uh3kUis2VL23GDid+wHnNmRJOca9++PkB/I="}]},{"Route":"public/public.js","AssetFile":"public/public.js","Selectors":[],"ResponseHeaders":[{"Name":"Cache-Control","Value":"no-cache"},{"Name":"Content-Length","Value":"3505"},{"Name":"Content-Type","Value":"text/javascript"},{"Name":"ETag","Value":"\"RWP4u9GvsN2R50kec4U7UqHMn2/PrOG7tXNDxKfu0xM=\""},{"Name":"Last-Modified","Value":"Mon, 12 Jan 2026 23:31:01 GMT"}],"EndpointProperties":[{"Name":"integrity","Value":"sha256-RWP4u9GvsN2R50kec4U7UqHMn2/PrOG7tXNDxKfu0xM="}]},{"Route":"public/public.rw645q6glz.css","AssetFile":"public/public.css","Selectors":[],"ResponseHeaders":[{"Name":"Cache-Control","Value":"max-age=31536000, immutable"},{"Name":"Content-Length","Value":"2291"},{"Name":"Content-Type","Value":"text/css"},{"Name":"ETag","Value":"\"BddoCEO2uh3kUis2VL23GDid+wHnNmRJOca9++PkB/I=\""},{"Name":"Last-Modified","Value":"Tue, 20 Jan 2026 23:32:15 GMT"}],"EndpointProperties":[{"Name":"fingerprint","Value":"rw645q6glz"},{"Name":"integrity","Value":"sha256-BddoCEO2uh3kUis2VL23GDid+wHnNmRJOca9++PkB/I="},{"Name":"label","Value":"public/public.css"}]},{"Route":"public/terms.8dckpi9j8i.md","AssetFile":"public/terms.md","Selectors":[],"ResponseHeaders":[{"Name":"Cache-Control","Value":"max-age=31536000, immutable"},{"Name":"Content-Length","Value":"595"},{"Name":"Content-Type","Value":"text/markdown"},{"Name":"ETag","Value":"\"nAwVoTTGcEl+xSTWVfvlgj1h/ULMhA3kCdVztMO8NWA=\""},{"Name":"Last-Modified","Value":"Wed, 21 Jan 2026 07:38:22 GMT"}],"EndpointProperties":[{"Name":"fingerprint","Value":"8dckpi9j8i"},{"Name":"integrity","Value":"sha256-nAwVoTTGcEl+xSTWVfvlgj1h/ULMhA3kCdVztMO8NWA="},{"Name":"label","Value":"public/terms.md"}]},{"Route":"public/terms.html","AssetFile":"public/terms.html","Selectors":[],"ResponseHeaders":[{"Name":"Cache-Control","Value":"no-cache"},{"Name":"Content-Length","Value":"597"},{"Name":"Content-Type","Value":"text/html"},{"Name":"ETag","Value":"\"K2UaOn8t6zSnuhcKQJ+1s86hRbmXP6rQ/J1R70htpPQ=\""},{"Name":"Last-Modified","Value":"Wed, 21 Jan 2026 07:37:51 GMT"}],"EndpointProperties":[{"Name":"integrity","Value":"sha256-K2UaOn8t6zSnuhcKQJ+1s86hRbmXP6rQ/J1R70htpPQ="}]},{"Route":"public/terms.md","AssetFile":"public/terms.md","Selectors":[],"ResponseHeaders":[{"Name":"Cache-Control","Value":"no-cache"},{"Name":"Content-Length","Value":"595"},{"Name":"Content-Type","Value":"text/markdown"},{"Name":"ETag","Value":"\"nAwVoTTGcEl+xSTWVfvlgj1h/ULMhA3kCdVztMO8NWA=\""},{"Name":"Last-Modified","Value":"Wed, 21 Jan 2026 07:38:22 GMT"}],"EndpointProperties":[{"Name":"integrity","Value":"sha256-nAwVoTTGcEl+xSTWVfvlgj1h/ULMhA3kCdVztMO8NWA="}]},{"Route":"public/terms.tekibq91cq.html","AssetFile":"public/terms.html","Selectors":[],"ResponseHeaders":[{"Name":"Cache-Control","Value":"max-age=31536000, immutable"},{"Name":"Content-Length","Value":"597"},{"Name":"Content-Type","Value":"text/html"},{"Name":"ETag","Value":"\"K2UaOn8t6zSnuhcKQJ+1s86hRbmXP6rQ/J1R70htpPQ=\""},{"Name":"Last-Modified","Value":"Wed, 21 Jan 2026 07:37:51 GMT"}],"EndpointProperties":[{"Name":"fingerprint","Value":"tekibq91cq"},{"Name":"integrity","Value":"sha256-K2UaOn8t6zSnuhcKQJ+1s86hRbmXP6rQ/J1R70htpPQ="},{"Name":"label","Value":"public/terms.html"}]},{"Route":"shared/api.deznhzj4wl.js","AssetFile":"shared/api.js","Selectors":[],"ResponseHeaders":[{"Name":"Cache-Control","Value":"max-age=31536000, immutable"},{"Name":"Content-Length","Value":"1599"},{"Name":"Content-Type","Value":"text/javascript"},{"Name":"ETag","Value":"\"C6CrCqkIRtail7ENf49D+DJk5vPzqRfSCD0zu2nLN60=\""},{"Name":"Last-Modified","Value":"Mon, 19 Jan 2026 22:00:13 GMT"}],"EndpointProperties":[{"Name":"fingerprint","Value":"deznhzj4wl"},{"Name":"integrity","Value":"sha256-C6CrCqkIRtail7ENf49D+DJk5vPzqRfSCD0zu2nLN60="},{"Name":"label","Value":"shared/api.js"}]},{"Route":"shared/api.js","AssetFile":"shared/api.js","Selectors":[],"ResponseHeaders":[{"Name":"Cache-Control","Value":"no-cache"},{"Name":"Content-Length","Value":"1599"},{"Name":"Content-Type","Value":"text/javascript"},{"Name":"ETag","Value":"\"C6CrCqkIRtail7ENf49D+DJk5vPzqRfSCD0zu2nLN60=\""},{"Name":"Last-Modified","Value":"Mon, 19 Jan 2026 22:00:13 GMT"}],"EndpointProperties":[{"Name":"integrity","Value":"sha256-C6CrCqkIRtail7ENf49D+DJk5vPzqRfSCD0zu2nLN60="}]},{"Route":"shared/auth.io3yhnf2bx.js","AssetFile":"shared/auth.js","Selectors":[],"ResponseHeaders":[{"Name":"Cache-Control","Value":"max-age=31536000, immutable"},{"Name":"Content-Length","Value":"1733"},{"Name":"Content-Type","Value":"text/javascript"},{"Name":"ETag","Value":"\"IiQeTFlQ2588OH2RU9Um3WggLVjQlTxv2zpjI/qgSoE=\""},{"Name":"Last-Modified","Value":"Fri, 16 Jan 2026 07:59:27 GMT"}],"EndpointProperties":[{"Name":"fingerprint","Value":"io3yhnf2bx"},{"Name":"integrity","Value":"sha256-IiQeTFlQ2588OH2RU9Um3WggLVjQlTxv2zpjI/qgSoE="},{"Name":"label","Value":"shared/auth.js"}]},{"Route":"shared/auth.js","AssetFile":"shared/auth.js","Selectors":[],"ResponseHeaders":[{"Name":"Cache-Control","Value":"no-cache"},{"Name":"Content-Length","Value":"1733"},{"Name":"Content-Type","Value":"text/javascript"},{"Name":"ETag","Value":"\"IiQeTFlQ2588OH2RU9Um3WggLVjQlTxv2zpjI/qgSoE=\""},{"Name":"Last-Modified","Value":"Fri, 16 Jan 2026 07:59:27 GMT"}],"EndpointProperties":[{"Name":"integrity","Value":"sha256-IiQeTFlQ2588OH2RU9Um3WggLVjQlTxv2zpjI/qgSoE="}]},{"Route":"shared/i18n.9pgmc7zlnj.js","AssetFile":"shared/i18n.js","Selectors":[],"ResponseHeaders":[{"Name":"Cache-Control","Value":"max-age=31536000, immutable"},{"Name":"Content-Length","Value":"2757"},{"Name":"Content-Type","Value":"text/javascript"},{"Name":"ETag","Value":"\"84nkRa02WSjVNPpz/XepLgERemg0ssyU2hKagigSFik=\""},{"Name":"Last-Modified","Value":"Wed, 14 Jan 2026 15:46:20 GMT"}],"EndpointProperties":[{"Name":"fingerprint","Value":"9pgmc7zlnj"},{"Name":"integrity","Value":"sha256-84nkRa02WSjVNPpz/XepLgERemg0ssyU2hKagigSFik="},{"Name":"label","Value":"shared/i18n.js"}]},{"Route":"shared/i18n.js","AssetFile":"shared/i18n.js","Selectors":[],"ResponseHeaders":[{"Name":"Cache-Control","Value":"no-cache"},{"Name":"Content-Length","Value":"2757"},{"Name":"Content-Type","Value":"text/javascript"},{"Name":"ETag","Value":"\"84nkRa02WSjVNPpz/XepLgERemg0ssyU2hKagigSFik=\""},{"Name":"Last-Modified","Value":"Wed, 14 Jan 2026 15:46:20 GMT"}],"EndpointProperties":[{"Name":"integrity","Value":"sha256-84nkRa02WSjVNPpz/XepLgERemg0ssyU2hKagigSFik="}]},{"Route":"shared/markdown.js","AssetFile":"shared/markdown.js","Selectors":[],"ResponseHeaders":[{"Name":"Cache-Control","Value":"no-cache"},{"Name":"Content-Length","Value":"1850"},{"Name":"Content-Type","Value":"text/javascript"},{"Name":"ETag","Value":"\"HACJUpQ/6P2jBLIemR1PACL/NTxM5n60ZbhjjoFWWCY=\""},{"Name":"Last-Modified","Value":"Thu, 15 Jan 2026 23:26:56 GMT"}],"EndpointProperties":[{"Name":"integrity","Value":"sha256-HACJUpQ/6P2jBLIemR1PACL/NTxM5n60ZbhjjoFWWCY="}]},{"Route":"shared/markdown.wpcib983h3.js","AssetFile":"shared/markdown.js","Selectors":[],"ResponseHeaders":[{"Name":"Cache-Control","Value":"max-age=31536000, immutable"},{"Name":"Content-Length","Value":"1850"},{"Name":"Content-Type","Value":"text/javascript"},{"Name":"ETag","Value":"\"HACJUpQ/6P2jBLIemR1PACL/NTxM5n60ZbhjjoFWWCY=\""},{"Name":"Last-Modified","Value":"Thu, 15 Jan 2026 23:26:56 GMT"}],"EndpointProperties":[{"Name":"fingerprint","Value":"wpcib983h3"},{"Name":"integrity","Value":"sha256-HACJUpQ/6P2jBLIemR1PACL/NTxM5n60ZbhjjoFWWCY="},{"Name":"label","Value":"shared/markdown.js"}]},{"Route":"shared/templates.js","AssetFile":"shared/templates.js","Selectors":[],"ResponseHeaders":[{"Name":"Cache-Control","Value":"no-cache"},{"Name":"Content-Length","Value":"278"},{"Name":"Content-Type","Value":"text/javascript"},{"Name":"ETag","Value":"\"UkTWkOffFGy2Q0/CUI55XVWV0zg7DHNEuY89BJGnVnU=\""},{"Name":"Last-Modified","Value":"Mon, 12 Jan 2026 22:49:43 GMT"}],"EndpointProperties":[{"Name":"integrity","Value":"sha256-UkTWkOffFGy2Q0/CUI55XVWV0zg7DHNEuY89BJGnVnU="}]},{"Route":"shared/templates.mqvol83mep.js","AssetFile":"shared/templates.js","Selectors":[],"ResponseHeaders":[{"Name":"Cache-Control","Value":"max-age=31536000, immutable"},{"Name":"Content-Length","Value":"278"},{"Name":"Content-Type","Value":"text/javascript"},{"Name":"ETag","Value":"\"UkTWkOffFGy2Q0/CUI55XVWV0zg7DHNEuY89BJGnVnU=\""},{"Name":"Last-Modified","Value":"Mon, 12 Jan 2026 22:49:43 GMT"}],"EndpointProperties":[{"Name":"fingerprint","Value":"mqvol83mep"},{"Name":"integrity","Value":"sha256-UkTWkOffFGy2Q0/CUI55XVWV0zg7DHNEuY89BJGnVnU="},{"Name":"label","Value":"shared/templates.js"}]},{"Route":"shared/utils.js","AssetFile":"shared/utils.js","Selectors":[],"ResponseHeaders":[{"Name":"Cache-Control","Value":"no-cache"},{"Name":"Content-Length","Value":"2478"},{"Name":"Content-Type","Value":"text/javascript"},{"Name":"ETag","Value":"\"sC11lAYIoVEOh9BsUh1DZPnwjn4KRisXt7wE9aYMfG0=\""},{"Name":"Last-Modified","Value":"Wed, 21 Jan 2026 07:24:50 GMT"}],"EndpointProperties":[{"Name":"integrity","Value":"sha256-sC11lAYIoVEOh9BsUh1DZPnwjn4KRisXt7wE9aYMfG0="}]},{"Route":"shared/utils.omgmkrlcu8.js","AssetFile":"shared/utils.js","Selectors":[],"ResponseHeaders":[{"Name":"Cache-Control","Value":"max-age=31536000, immutable"},{"Name":"Content-Length","Value":"2478"},{"Name":"Content-Type","Value":"text/javascript"},{"Name":"ETag","Value":"\"sC11lAYIoVEOh9BsUh1DZPnwjn4KRisXt7wE9aYMfG0=\""},{"Name":"Last-Modified","Value":"Wed, 21 Jan 2026 07:24:50 GMT"}],"EndpointProperties":[{"Name":"fingerprint","Value":"omgmkrlcu8"},{"Name":"integrity","Value":"sha256-sC11lAYIoVEOh9BsUh1DZPnwjn4KRisXt7wE9aYMfG0="},{"Name":"label","Value":"shared/utils.js"}]}]}