{"Version":1,"ManifestType":"Publish","Endpoints":[{"Route":"admin/admin.4o8pq7jjol.css","AssetFile":"admin/admin.css","Selectors":[],"ResponseHeaders":[{"Name":"Cache-Control","Value":"max-age=31536000, immutable"},{"Name":"Content-Length","Value":"33074"},{"Name":"Content-Type","Value":"text/css"},{"Name":"ETag","Value":"\"JL7vmjt4F31Lmm2G3fVLHdTIkRcSBP6OG+Dn80OZmMM=\""},{"Name":"Last-Modified","Value":"Mon, 19 Jan 2026 22:17:41 GMT"}],"EndpointProperties":[{"Name":"fingerprint","Value":"4o8pq7jjol"},{"Name":"integrity","Value":"sha256-JL7vmjt4F31Lmm2G3fVLHdTIkRcSBP6OG+Dn80OZmMM="},{"Name":"label","Value":"admin/admin.css"}]},{"Route":"admin/admin.css","AssetFile":"admin/admin.css","Selectors":[],"ResponseHeaders":[{"Name":"Cache-Control","Value":"no-cache"},{"Name":"Content-Length","Value":"33074"},{"Name":"Content-Type","Value":"text/css"},{"Name":"ETag","Value":"\"JL7vmjt4F31Lmm2G3fVLHdTIkRcSBP6OG+Dn80OZmMM=\""},{"Name":"Last-Modified","Value":"Mon, 19 Jan 2026 22:17:41 GMT"}],"EndpointProperties":[{"Name":"integrity","Value":"sha256-JL7vmjt4F31Lmm2G3fVLHdTIkRcSBP6OG+Dn80OZmMM="}]},{"Route":"admin/admin.js","AssetFile":"admin/admin.js","Selectors":[],"ResponseHeaders":[{"Name":"Cache-Control","Value":"no-cache"},{"Name":"Content-Length","Value":"304266"},{"Name":"Content-Type","Value":"text/javascript"},{"Name":"ETag","Value":"\"08hJh4BJNG49HgBRAE/6HDKDoms7YSLyKe2MJzIv08I=\""},{"Name":"Last-Modified","Value":"Mon, 19 Jan 2026 22:31:28 GMT"}],"EndpointProperties":[{"Name":"integrity","Value":"sha256-08hJh4BJNG49HgBRAE/6HDKDoms7YSLyKe2MJzIv08I="}]},{"Route":"admin/admin.z8xmnsl3jq.js","AssetFile":"admin/admin.js","Selectors":[],"ResponseHeaders":[{"Name":"Cache-Control","Value":"max-age=31536000, immutable"},{"Name":"Content-Length","Value":"304266"},{"Name":"Content-Type","Value":"text/javascript"},{"Name":"ETag","Value":"\"08hJh4BJNG49HgBRAE/6HDKDoms7YSLyKe2MJzIv08I=\""},{"Name":"Last-Modified","Value":"Mon, 19 Jan 2026 22:31:28 GMT"}],"EndpointProperties":[{"Name":"fingerprint","Value":"z8xmnsl3jq"},{"Name":"integrity","Value":"sha256-08hJh4BJNG49HgBRAE/6HDKDoms7YSLyKe2MJzIv08I="},{"Name":"label","Value":"admin/admin.js"}]},{"Route":"admin/index.html","AssetFile":"admin/index.html","Selectors":[],"ResponseHeaders":[{"Name":"Cache-Control","Value":"no-cache"},{"Name":"Content-Length","Value":"570"},{"Name":"Content-Type","Value":"text/html"},{"Name":"ETag","Value":"\"IFu/qtUqbYNI7/xTMiJgSpfsAw2vc1RTfkRCb73306I=\""},{"Name":"Last-Modified","Value":"Sat, 17 Jan 2026 21:05:29 GMT"}],"EndpointProperties":[{"Name":"integrity","Value":"sha256-IFu/qtUqbYNI7/xTMiJgSpfsAw2vc1RTfkRCb73306I="}]},{"Route":"admin/index.sha49x0m5a.html","AssetFile":"admin/index.html","Selectors":[],"ResponseHeaders":[{"Name":"Cache-Control","Value":"max-age=31536000, immutable"},{"Name":"Content-Length","Value":"570"},{"Name":"Content-Type","Value":"text/html"},{"Name":"ETag","Value":"\"IFu/qtUqbYNI7/xTMiJgSpfsAw2vc1RTfkRCb73306I=\""},{"Name":"Last-Modified","Value":"Sat, 17 Jan 2026 21:05:29 GMT"}],"EndpointProperties":[{"Name":"fingerprint","Value":"sha49x0m5a"},{"Name":"integrity","Value":"sha256-IFu/qtUqbYNI7/xTMiJgSpfsAw2vc1RTfkRCb73306I="},{"Name":"label","Value":"admin/index.html"}]},{"Route":"app/app.6n2qwq7ngb.js","AssetFile":"app/app.js","Selectors":[],"ResponseHeaders":[{"Name":"Cache-Control","Value":"max-age=31536000, immutable"},{"Name":"Content-Length","Value":"58272"},{"Name":"Content-Type","Value":"text/javascript"},{"Name":"ETag","Value":"\"4oeYfs/1bypANyAGPN4IWaF2QIfrsZh+KnPrQ2hWFAE=\""},{"Name":"Last-Modified","Value":"Fri, 16 Jan 2026 09:04:29 GMT"}],"EndpointProperties":[{"Name":"fingerprint","Value":"6n2qwq7ngb"},{"Name":"integrity","Value":"sha256-4oeYfs/1bypANyAGPN4IWaF2QIfrsZh+KnPrQ2hWFAE="},{"Name":"label","Value":"app/app.js"}]},{"Route":"app/app.css","AssetFile":"app/app.css","Selectors":[],"ResponseHeaders":[{"Name":"Cache-Control","Value":"no-cache"},{"Name":"Content-Length","Value":"9031"},{"Name":"Content-Type","Value":"text/css"},{"Name":"ETag","Value":"\"VT2IFCroMsc/NWZwAn8aOFJk01xW05lIIvF0GWjqGJk=\""},{"Name":"Last-Modified","Value":"Fri, 16 Jan 2026 07:28:18 GMT"}],"EndpointProperties":[{"Name":"integrity","Value":"sha256-VT2IFCroMsc/NWZwAn8aOFJk01xW05lIIvF0GWjqGJk="}]},{"Route":"app/app.js","AssetFile":"app/app.js","Selectors":[],"ResponseHeaders":[{"Name":"Cache-Control","Value":"no-cache"},{"Name":"Content-Length","Value":"58272"},{"Name":"Content-Type","Value":"text/javascript"},{"Name":"ETag","Value":"\"4oeYfs/1bypANyAGPN4IWaF2QIfrsZh+KnPrQ2hWFAE=\""},{"Name":"Last-Modified","Value":"Fri, 16 Jan 2026 09:04:29 GMT"}],"EndpointProperties":[{"Name":"integrity","Value":"sha256-4oeYfs/1bypANyAGPN4IWaF2QIfrsZh+KnPrQ2hWFAE="}]},{"Route":"app/app.xhxrfj4uyg.css","AssetFile":"app/app.css","Selectors":[],"ResponseHeaders":[{"Name":"Cache-Control","Value":"max-age=31536000, immutable"},{"Name":"Content-Length","Value":"9031"},{"Name":"Content-Type","Value":"text/css"},{"Name":"ETag","Value":"\"VT2IFCroMsc/NWZwAn8aOFJk01xW05lIIvF0GWjqGJk=\""},{"Name":"Last-Modified","Value":"Fri, 16 Jan 2026 07:28:18 GMT"}],"EndpointProperties":[{"Name":"fingerprint","Value":"xhxrfj4uyg"},{"Name":"integrity","Value":"sha256-VT2IFCroMsc/NWZwAn8aOFJk01xW05lIIvF0GWjqGJk="},{"Name":"label","Value":"app/app.css"}]},{"Route":"app/index.467l190gqj.html","AssetFile":"app/index.html","Selectors":[],"ResponseHeaders":[{"Name":"Cache-Control","Value":"max-age=31536000, immutable"},{"Name":"Content-Length","Value":"557"},{"Name":"Content-Type","Value":"text/html"},{"Name":"ETag","Value":"\"jHzyP2Fy9cMy3PwpaRTlYw/lII2CuLehybnLipQlE6s=\""},{"Name":"Last-Modified","Value":"Tue, 13 Jan 2026 00:02:02 GMT"}],"EndpointProperties":[{"Name":"fingerprint","Value":"467l190gqj"},{"Name":"integrity","Value":"sha256-jHzyP2Fy9cMy3PwpaRTlYw/lII2CuLehybnLipQlE6s="},{"Name":"label","Value":"app/index.html"}]},{"Route":"app/index.html","AssetFile":"app/index.html","Selectors":[],"ResponseHeaders":[{"Name":"Cache-Control","Value":"no-cache"},{"Name":"Content-Length","Value":"557"},{"Name":"Content-Type","Value":"text/html"},{"Name":"ETag","Value":"\"jHzyP2Fy9cMy3PwpaRTlYw/lII2CuLehybnLipQlE6s=\""},{"Name":"Last-Modified","Value":"Tue, 13 Jan 2026 00:02:02 GMT"}],"EndpointProperties":[{"Name":"integrity","Value":"sha256-jHzyP2Fy9cMy3PwpaRTlYw/lII2CuLehybnLipQlE6s="}]},{"Route":"assets/logo-placeholder.0c1rjr4qhr.svg","AssetFile":"assets/logo-placeholder.svg","Selectors":[],"ResponseHeaders":[{"Name":"Cache-Control","Value":"max-age=31536000, immutable"},{"Name":"Content-Length","Value":"574"},{"Name":"Content-Type","Value":"image/svg+xml"},{"Name":"ETag","Value":"\"gD41EsUhKUsOqZyTc/9A6pSbdSkG/c8wpWgaqOM7pVo=\""},{"Name":"Last-Modified","Value":"Tue, 13 Jan 2026 00:55:25 GMT"}],"EndpointProperties":[{"Name":"fingerprint","Value":"0c1rjr4qhr"},{"Name":"integrity","Value":"sha256-gD41EsUhKUsOqZyTc/9A6pSbdSkG/c8wpWgaqOM7pVo="},{"Name":"label","Value":"assets/logo-placeholder.svg"}]},{"Route":"assets/logo-placeholder.svg","AssetFile":"assets/logo-placeholder.svg","Selectors":[],"ResponseHeaders":[{"Name":"Cache-Control","Value":"max-age=3600, must-revalidate"},{"Name":"Content-Length","Value":"574"},{"Name":"Content-Type","Value":"image/svg+xml"},{"Name":"ETag","Value":"\"gD41EsUhKUsOqZyTc/9A6pSbdSkG/c8wpWgaqOM7pVo=\""},{"Name":"Last-Modified","Value":"Tue, 13 Jan 2026 00:55:25 GMT"}],"EndpointProperties":[{"Name":"integrity","Value":"sha256-gD41EsUhKUsOqZyTc/9A6pSbdSkG/c8wpWgaqOM7pVo="}]},{"Route":"guest/guest.6qfijpk1gx.css","AssetFile":"guest/guest.css","Selectors":[],"ResponseHeaders":[{"Name":"Cache-Control","Value":"max-age=31536000, immutable"},{"Name":"Content-Length","Value":"1340"},{"Name":"Content-Type","Value":"text/css"},{"Name":"ETag","Value":"\"HpctXUjBrssj+7037DS7/yb1TZwAZIVn5JEveG55+ns=\""},{"Name":"Last-Modified","Value":"Sun, 18 Jan 2026 08:41:42 GMT"}],"EndpointProperties":[{"Name":"fingerprint","Value":"6qfijpk1gx"},{"Name":"integrity","Value":"sha256-HpctXUjBrssj+7037DS7/yb1TZwAZIVn5JEveG55+ns="},{"Name":"label","Value":"guest/guest.css"}]},{"Route":"guest/guest.71ztx7bnw1.js","AssetFile":"guest/guest.js","Selectors":[],"ResponseHeaders":[{"Name":"Cache-Control","Value":"max-age=31536000, immutable"},{"Name":"Content-Length","Value":"20531"},{"Name":"Content-Type","Value":"text/javascript"},{"Name":"ETag","Value":"\"ZfzwEGDh7wiedGtg8rcqFpryQlOL3uYm9/7RSl+akOQ=\""},{"Name":"Last-Modified","Value":"Sun, 18 Jan 2026 08:41:21 GMT"}],"EndpointProperties":[{"Name":"fingerprint","Value":"71ztx7bnw1"},{"Name":"integrity","Value":"sha256-ZfzwEGDh7wiedGtg8rcqFpryQlOL3uYm9/7RSl+akOQ="},{"Name":"label","Value":"guest/guest.js"}]},{"Route":"guest/guest.css","AssetFile":"guest/guest.css","Selectors":[],"ResponseHeaders":[{"Name":"Cache-Control","Value":"no-cache"},{"Name":"Content-Length","Value":"1340"},{"Name":"Content-Type","Value":"text/css"},{"Name":"ETag","Value":"\"HpctXUjBrssj+7037DS7/yb1TZwAZIVn5JEveG55+ns=\""},{"Name":"Last-Modified","Value":"Sun, 18 Jan 2026 08:41:42 GMT"}],"EndpointProperties":[{"Name":"integrity","Value":"sha256-HpctXUjBrssj+7037DS7/yb1TZwAZIVn5JEveG55+ns="}]},{"Route":"guest/guest.js","AssetFile":"guest/guest.js","Selectors":[],"ResponseHeaders":[{"Name":"Cache-Control","Value":"no-cache"},{"Name":"Content-Length","Value":"20531"},{"Name":"Content-Type","Value":"text/javascript"},{"Name":"ETag","Value":"\"ZfzwEGDh7wiedGtg8rcqFpryQlOL3uYm9/7RSl+akOQ=\""},{"Name":"Last-Modified","Value":"Sun, 18 Jan 2026 08:41:21 GMT"}],"EndpointProperties":[{"Name":"integrity","Value":"sha256-ZfzwEGDh7wiedGtg8rcqFpryQlOL3uYm9/7RSl+akOQ="}]},{"Route":"guest/index.8jpk9moxz8.html","AssetFile":"guest/index.html","Selectors":[],"ResponseHeaders":[{"Name":"Cache-Control","Value":"max-age=31536000, immutable"},{"Name":"Content-Length","Value":"572"},{"Name":"Content-Type","Value":"text/html"},{"Name":"ETag","Value":"\"vMAdHd5KJ7rzUnGt7z8D9ZGENx8cE4T1u1t6OZiidpM=\""},{"Name":"Last-Modified","Value":"Tue, 13 Jan 2026 08:16:58 GMT"}],"EndpointProperties":[{"Name":"fingerprint","Value":"8jpk9moxz8"},{"Name":"integrity","Value":"sha256-vMAdHd5KJ7rzUnGt7z8D9ZGENx8cE4T1u1t6OZiidpM="},{"Name":"label","Value":"guest/index.html"}]},{"Route":"guest/index.html","AssetFile":"guest/index.html","Selectors":[],"ResponseHeaders":[{"Name":"Cache-Control","Value":"no-cache"},{"Name":"Content-Length","Value":"572"},{"Name":"Content-Type","Value":"text/html"},{"Name":"ETag","Value":"\"vMAdHd5KJ7rzUnGt7z8D9ZGENx8cE4T1u1t6OZiidpM=\""},{"Name":"Last-Modified","Value":"Tue, 13 Jan 2026 08:16:58 GMT"}],"EndpointProperties":[{"Name":"integrity","Value":"sha256-vMAdHd5KJ7rzUnGt7z8D9ZGENx8cE4T1u1t6OZiidpM="}]},{"Route":"i18n/admin.en.33vzzq3xj6.json","AssetFile":"i18n/admin.en.json","Selectors":[],"ResponseHeaders":[{"Name":"Cache-Control","Value":"max-age=31536000, immutable"},{"Name":"Content-Length","Value":"27730"},{"Name":"Content-Type","Value":"application/json"},{"Name":"ETag","Value":"\"4VwyUjzvrUqzFUZSURIf5emC6rvnLF9yN+ZooN5jeJo=\""},{"Name":"Last-Modified","Value":"Mon, 19 Jan 2026 22:31:45 GMT"}],"EndpointProperties":[{"Name":"fingerprint","Value":"33vzzq3xj6"},{"Name":"integrity","Value":"sha256-4VwyUjzvrUqzFUZSURIf5emC6rvnLF9yN+ZooN5jeJo="},{"Name":"label","Value":"i18n/admin.en.json"}]},{"Route":"i18n/admin.en.json","AssetFile":"i18n/admin.en.json","Selectors":[],"ResponseHeaders":[{"Name":"Cache-Control","Value":"no-cache"},{"Name":"Content-Length","Value":"27730"},{"Name":"Content-Type","Value":"application/json"},{"Name":"ETag","Value":"\"4VwyUjzvrUqzFUZSURIf5emC6rvnLF9yN+ZooN5jeJo=\""},{"Name":"Last-Modified","Value":"Mon, 19 Jan 2026 22:31:45 GMT"}],"EndpointProperties":[{"Name":"integrity","Value":"sha256-4VwyUjzvrUqzFUZSURIf5emC6rvnLF9yN+ZooN5jeJo="}]},{"Route":"i18n/admin.he.2u20pzzf8q.json","AssetFile":"i18n/admin.he.json","Selectors":[],"ResponseHeaders":[{"Name":"Cache-Control","Value":"max-age=31536000, immutable"},{"Name":"Content-Length","Value":"54704"},{"Name":"Content-Type","Value":"application/json"},{"Name":"ETag","Value":"\"WiMKcuEcxMxsjefSsZ7eHawTx7W9UVaGQGpn9dyfzWc=\""},{"Name":"Last-Modified","Value":"Mon, 19 Jan 2026 22:32:12 GMT"}],"EndpointProperties":[{"Name":"fingerprint","Value":"2u20pzzf8q"},{"Name":"integrity","Value":"sha256-WiMKcuEcxMxsjefSsZ7eHawTx7W9UVaGQGpn9dyfzWc="},{"Name":"label","Value":"i18n/admin.he.json"}]},{"Route":"i18n/admin.he.json","AssetFile":"i18n/admin.he.json","Selectors":[],"ResponseHeaders":[{"Name":"Cache-Control","Value":"no-cache"},{"Name":"Content-Length","Value":"54704"},{"Name":"Content-Type","Value":"application/json"},{"Name":"ETag","Value":"\"WiMKcuEcxMxsjefSsZ7eHawTx7W9UVaGQGpn9dyfzWc=\""},{"Name":"Last-Modified","Value":"Mon, 19 Jan 2026 22:32:12 GMT"}],"EndpointProperties":[{"Name":"integrity","Value":"sha256-WiMKcuEcxMxsjefSsZ7eHawTx7W9UVaGQGpn9dyfzWc="}]},{"Route":"i18n/app.en.d7c78qiuhp.json","AssetFile":"i18n/app.en.json","Selectors":[],"ResponseHeaders":[{"Name":"Cache-Control","Value":"max-age=31536000, immutable"},{"Name":"Content-Length","Value":"5824"},{"Name":"Content-Type","Value":"application/json"},{"Name":"ETag","Value":"\"d3b5F8A+YjyxivpejPaij0D5TCdSbqnHZgh3KW5+m+o=\""},{"Name":"Last-Modified","Value":"Fri, 16 Jan 2026 00:19:04 GMT"}],"EndpointProperties":[{"Name":"fingerprint","Value":"d7c78qiuhp"},{"Name":"integrity","Value":"sha256-d3b5F8A+YjyxivpejPaij0D5TCdSbqnHZgh3KW5+m+o="},{"Name":"label","Value":"i18n/app.en.json"}]},{"Route":"i18n/app.en.json","AssetFile":"i18n/app.en.json","Selectors":[],"ResponseHeaders":[{"Name":"Cache-Control","Value":"no-cache"},{"Name":"Content-Length","Value":"5824"},{"Name":"Content-Type","Value":"application/json"},{"Name":"ETag","Value":"\"d3b5F8A+YjyxivpejPaij0D5TCdSbqnHZgh3KW5+m+o=\""},{"Name":"Last-Modified","Value":"Fri, 16 Jan 2026 00:19:04 GMT"}],"EndpointProperties":[{"Name":"integrity","Value":"sha256-d3b5F8A+YjyxivpejPaij0D5TCdSbqnHZgh3KW5+m+o="}]},{"Route":"i18n/app.he.json","AssetFile":"i18n/app.he.json","Selectors":[],"ResponseHeaders":[{"Name":"Cache-Control","Value":"no-cache"},{"Name":"Content-Length","Value":"7291"},{"Name":"Content-Type","Value":"application/json"},{"Name":"ETag","Value":"\"XeH7xupCiyTUqIpdDbfla+8rgDTkoMr7vclUppWeL+I=\""},{"Name":"Last-Modified","Value":"Sun, 18 Jan 2026 16:22:55 GMT"}],"EndpointProperties":[{"Name":"integrity","Value":"sha256-XeH7xupCiyTUqIpdDbfla+8rgDTkoMr7vclUppWeL+I="}]},{"Route":"i18n/app.he.zstrrl6a0x.json","AssetFile":"i18n/app.he.json","Selectors":[],"ResponseHeaders":[{"Name":"Cache-Control","Value":"max-age=31536000, immutable"},{"Name":"Content-Length","Value":"7291"},{"Name":"Content-Type","Value":"application/json"},{"Name":"ETag","Value":"\"XeH7xupCiyTUqIpdDbfla+8rgDTkoMr7vclUppWeL+I=\""},{"Name":"Last-Modified","Value":"Sun, 18 Jan 2026 16:22:55 GMT"}],"EndpointProperties":[{"Name":"fingerprint","Value":"zstrrl6a0x"},{"Name":"integrity","Value":"sha256-XeH7xupCiyTUqIpdDbfla+8rgDTkoMr7vclUppWeL+I="},{"Name":"label","Value":"i18n/app.he.json"}]},{"Route":"instructor/index.html","AssetFile":"instructor/index.html","Selectors":[],"ResponseHeaders":[{"Name":"Cache-Control","Value":"no-cache"},{"Name":"Content-Length","Value":"602"},{"Name":"Content-Type","Value":"text/html"},{"Name":"ETag","Value":"\"/H3Ld9lBihr44eqpVFa/q9O5KVeHwtJaVzgGP36rgeg=\""},{"Name":"Last-Modified","Value":"Tue, 13 Jan 2026 07:54:09 GMT"}],"EndpointProperties":[{"Name":"integrity","Value":"sha256-/H3Ld9lBihr44eqpVFa/q9O5KVeHwtJaVzgGP36rgeg="}]},{"Route":"instructor/index.o3c32ok9u1.html","AssetFile":"instructor/index.html","Selectors":[],"ResponseHeaders":[{"Name":"Cache-Control","Value":"max-age=31536000, immutable"},{"Name":"Content-Length","Value":"602"},{"Name":"Content-Type","Value":"text/html"},{"Name":"ETag","Value":"\"/H3Ld9lBihr44eqpVFa/q9O5KVeHwtJaVzgGP36rgeg=\""},{"Name":"Last-Modified","Value":"Tue, 13 Jan 2026 07:54:09 GMT"}],"EndpointProperties":[{"Name":"fingerprint","Value":"o3c32ok9u1"},{"Name":"integrity","Value":"sha256-/H3Ld9lBihr44eqpVFa/q9O5KVeHwtJaVzgGP36rgeg="},{"Name":"label","Value":"instructor/index.html"}]},{"Route":"instructor/instructor.9kjmquezt1.css","AssetFile":"instructor/instructor.css","Selectors":[],"ResponseHeaders":[{"Name":"Cache-Control","Value":"max-age=31536000, immutable"},{"Name":"Content-Length","Value":"2920"},{"Name":"Content-Type","Value":"text/css"},{"Name":"ETag","Value":"\"iT7wI5+BdfQIFnqelex/2M4nP6s/ykMgX37NcnC+A2A=\""},{"Name":"Last-Modified","Value":"Mon, 19 Jan 2026 22:34:35 GMT"}],"EndpointProperties":[{"Name":"fingerprint","Value":"9kjmquezt1"},{"Name":"integrity","Value":"sha256-iT7wI5+BdfQIFnqelex/2M4nP6s/ykMgX37NcnC+A2A="},{"Name":"label","Value":"instructor/instructor.css"}]},{"Route":"instructor/instructor.css","AssetFile":"instructor/instructor.css","Selectors":[],"ResponseHeaders":[{"Name":"Cache-Control","Value":"no-cache"},{"Name":"Content-Length","Value":"2920"},{"Name":"Content-Type","Value":"text/css"},{"Name":"ETag","Value":"\"iT7wI5+BdfQIFnqelex/2M4nP6s/ykMgX37NcnC+A2A=\""},{"Name":"Last-Modified","Value":"Mon, 19 Jan 2026 22:34:35 GMT"}],"EndpointProperties":[{"Name":"integrity","Value":"sha256-iT7wI5+BdfQIFnqelex/2M4nP6s/ykMgX37NcnC+A2A="}]},{"Route":"instructor/instructor.js","AssetFile":"instructor/instructor.js","Selectors":[],"ResponseHeaders":[{"Name":"Cache-Control","Value":"no-cache"},{"Name":"Content-Length","Value":"32448"},{"Name":"Content-Type","Value":"text/javascript"},{"Name":"ETag","Value":"\"GmjA3z0iD2jeV1tQSRRLBCYSD/S2RsZZJ0KyCoCXXFw=\""},{"Name":"Last-Modified","Value":"Mon, 19 Jan 2026 22:23:14 GMT"}],"EndpointProperties":[{"Name":"integrity","Value":"sha256-GmjA3z0iD2jeV1tQSRRLBCYSD/S2RsZZJ0KyCoCXXFw="}]},{"Route":"instructor/instructor.yl1zxpad7e.js","AssetFile":"instructor/instructor.js","Selectors":[],"ResponseHeaders":[{"Name":"Cache-Control","Value":"max-age=31536000, immutable"},{"Name":"Content-Length","Value":"32448"},{"Name":"Content-Type","Value":"text/javascript"},{"Name":"ETag","Value":"\"GmjA3z0iD2jeV1tQSRRLBCYSD/S2RsZZJ0KyCoCXXFw=\""},{"Name":"Last-Modified","Value":"Mon, 19 Jan 2026 22:23:14 GMT"}],"EndpointProperties":[{"Name":"fingerprint","Value":"yl1zxpad7e"},{"Name":"integrity","Value":"sha256-GmjA3z0iD2jeV1tQSRRLBCYSD/S2RsZZJ0KyCoCXXFw="},{"Name":"label","Value":"instructor/instructor.js"}]},{"Route":"marketing/index.hdoyz3slyq.html","AssetFile":"marketing/index.html","Selectors":[],"ResponseHeaders":[{"Name":"Cache-Control","Value":"max-age=31536000, immutable"},{"Name":"Content-Length","Value":"14373"},{"Name":"Content-Type","Value":"text/html"},{"Name":"ETag","Value":"\"G2GrMo2M/iuN5X4qNSq+WbidUtYF7W7VHvRSZtnPRGc=\""},{"Name":"Last-Modified","Value":"Tue, 13 Jan 2026 17:01:22 GMT"}],"EndpointProperties":[{"Name":"fingerprint","Value":"hdoyz3slyq"},{"Name":"integrity","Value":"sha256-G2GrMo2M/iuN5X4qNSq+WbidUtYF7W7VHvRSZtnPRGc="},{"Name":"label","Value":"marketing/index.html"}]},{"Route":"marketing/index.html","AssetFile":"marketing/index.html","Selectors":[],"ResponseHeaders":[{"Name":"Cache-Control","Value":"no-cache"},{"Name":"Content-Length","Value":"14373"},{"Name":"Content-Type","Value":"text/html"},{"Name":"ETag","Value":"\"G2GrMo2M/iuN5X4qNSq+WbidUtYF7W7VHvRSZtnPRGc=\""},{"Name":"Last-Modified","Value":"Tue, 13 Jan 2026 17:01:22 GMT"}],"EndpointProperties":[{"Name":"integrity","Value":"sha256-G2GrMo2M/iuN5X4qNSq+WbidUtYF7W7VHvRSZtnPRGc="}]},{"Route":"marketing/marketing.chcwelxkjm.css","AssetFile":"marketing/marketing.css","Selectors":[],"ResponseHeaders":[{"Name":"Cache-Control","Value":"max-age=31536000, immutable"},{"Name":"Content-Length","Value":"6836"},{"Name":"Content-Type","Value":"text/css"},{"Name":"ETag","Value":"\"0KaJH7O7zkKW8CLVlv9rJTaHRgCNNeKPt8BlCIxf1kY=\""},{"Name":"Last-Modified","Value":"Thu, 15 Jan 2026 06:38:50 GMT"}],"EndpointProperties":[{"Name":"fingerprint","Value":"chcwelxkjm"},{"Name":"integrity","Value":"sha256-0KaJH7O7zkKW8CLVlv9rJTaHRgCNNeKPt8BlCIxf1kY="},{"Name":"label","Value":"marketing/marketing.css"}]},{"Route":"marketing/marketing.css","AssetFile":"marketing/marketing.css","Selectors":[],"ResponseHeaders":[{"Name":"Cache-Control","Value":"no-cache"},{"Name":"Content-Length","Value":"6836"},{"Name":"Content-Type","Value":"text/css"},{"Name":"ETag","Value":"\"0KaJH7O7zkKW8CLVlv9rJTaHRgCNNeKPt8BlCIxf1kY=\""},{"Name":"Last-Modified","Value":"Thu, 15 Jan 2026 06:38:50 GMT"}],"EndpointProperties":[{"Name":"integrity","Value":"sha256-0KaJH7O7zkKW8CLVlv9rJTaHRgCNNeKPt8BlCIxf1kY="}]},{"Route":"marketing/marketing.i4yv0hujqe.js","AssetFile":"marketing/marketing.js","Selectors":[],"ResponseHeaders":[{"Name":"Cache-Control","Value":"max-age=31536000, immutable"},{"Name":"Content-Length","Value":"766"},{"Name":"Content-Type","Value":"text/javascript"},{"Name":"ETag","Value":"\"fr3valWNmAjINOOE0kQ7BCKH4UyqJLGlfP+JaDQMnC0=\""},{"Name":"Last-Modified","Value":"Tue, 13 Jan 2026 16:59:33 GMT"}],"EndpointProperties":[{"Name":"fingerprint","Value":"i4yv0hujqe"},{"Name":"integrity","Value":"sha256-fr3valWNmAjINOOE0kQ7BCKH4UyqJLGlfP+JaDQMnC0="},{"Name":"label","Value":"marketing/marketing.js"}]},{"Route":"marketing/marketing.js","AssetFile":"marketing/marketing.js","Selectors":[],"ResponseHeaders":[{"Name":"Cache-Control","Value":"no-cache"},{"Name":"Content-Length","Value":"766"},{"Name":"Content-Type","Value":"text/javascript"},{"Name":"ETag","Value":"\"fr3valWNmAjINOOE0kQ7BCKH4UyqJLGlfP+JaDQMnC0=\""},{"Name":"Last-Modified","Value":"Tue, 13 Jan 2026 16:59:33 GMT"}],"EndpointProperties":[{"Name":"integrity","Value":"sha256-fr3valWNmAjINOOE0kQ7BCKH4UyqJLGlfP+JaDQMnC0="}]},{"Route":"public/index.3g92llfvo1.html","AssetFile":"public/index.html","Selectors":[],"ResponseHeaders":[{"Name":"Cache-Control","Value":"max-age=31536000, immutable"},{"Name":"Content-Length","Value":"573"},{"Name":"Content-Type","Value":"text/html"},{"Name":"ETag","Value":"\"rQoN7yMbIpu83dpSYvOdd/EQ6dE6/UqY5J0PhDFdDms=\""},{"Name":"Last-Modified","Value":"Mon, 12 Jan 2026 23:42:13 GMT"}],"EndpointProperties":[{"Name":"fingerprint","Value":"3g92llfvo1"},{"Name":"integrity","Value":"sha256-rQoN7yMbIpu83dpSYvOdd/EQ6dE6/UqY5J0PhDFdDms="},{"Name":"label","Value":"public/index.html"}]},{"Route":"public/index.html","AssetFile":"public/index.html","Selectors":[],"ResponseHeaders":[{"Name":"Cache-Control","Value":"no-cache"},{"Name":"Content-Length","Value":"573"},{"Name":"Content-Type","Value":"text/html"},{"Name":"ETag","Value":"\"rQoN7yMbIpu83dpSYvOdd/EQ6dE6/UqY5J0PhDFdDms=\""},{"Name":"Last-Modified","Value":"Mon, 12 Jan 2026 23:42:13 GMT"}],"EndpointProperties":[{"Name":"integrity","Value":"sha256-rQoN7yMbIpu83dpSYvOdd/EQ6dE6/UqY5J0PhDFdDms="}]},{"Route":"public/legal.3f7nq1zrt8.js","AssetFile":"public/legal.js","Selectors":[],"ResponseHeaders":[{"Name":"Cache-Control","Value":"max-age=31536000, immutable"},{"Name":"Content-Length","Value":"534"},{"Name":"Content-Type","Value":"text/javascript"},{"Name":"ETag","Value":"\"sYxt/efYCCnXnHofTsxoNvzo2Nd1Qil98Rs4nPR2Vzo=\""},{"Name":"Last-Modified","Value":"Thu, 15 Jan 2026 23:28:33 GMT"}],"EndpointProperties":[{"Name":"fingerprint","Value":"3f7nq1zrt8"},{"Name":"integrity","Value":"sha256-sYxt/efYCCnXnHofTsxoNvzo2Nd1Qil98Rs4nPR2Vzo="},{"Name":"label","Value":"public/legal.js"}]},{"Route":"public/legal.js","AssetFile":"public/legal.js","Selectors":[],"ResponseHeaders":[{"Name":"Cache-Control","Value":"no-cache"},{"Name":"Content-Length","Value":"534"},{"Name":"Content-Type","Value":"text/javascript"},{"Name":"ETag","Value":"\"sYxt/efYCCnXnHofTsxoNvzo2Nd1Qil98Rs4nPR2Vzo=\""},{"Name":"Last-Modified","Value":"Thu, 15 Jan 2026 23:28:33 GMT"}],"EndpointProperties":[{"Name":"integrity","Value":"sha256-sYxt/efYCCnXnHofTsxoNvzo2Nd1Qil98Rs4nPR2Vzo="}]},{"Route":"public/privacy.fhqlp0spxs.html","AssetFile":"public/privacy.html","Selectors":[],"ResponseHeaders":[{"Name":"Cache-Control","Value":"max-age=31536000, immutable"},{"Name":"Content-Length","Value":"601"},{"Name":"Content-Type","Value":"text/html"},{"Name":"ETag","Value":"\"UzJrkWuBfPof0Y+lKCg41Z0cyKcQmzQDz2HfG7scyPk=\""},{"Name":"Last-Modified","Value":"Thu, 15 Jan 2026 23:28:14 GMT"}],"EndpointProperties":[{"Name":"fingerprint","Value":"fhqlp0spxs"},{"Name":"integrity","Value":"sha256-UzJrkWuBfPof0Y+lKCg41Z0cyKcQmzQDz2HfG7scyPk="},{"Name":"label","Value":"public/privacy.html"}]},{"Route":"public/privacy.html","AssetFile":"public/privacy.html","Selectors":[],"ResponseHeaders":[{"Name":"Cache-Control","Value":"no-cache"},{"Name":"Content-Length","Value":"601"},{"Name":"Content-Type","Value":"text/html"},{"Name":"ETag","Value":"\"UzJrkWuBfPof0Y+lKCg41Z0cyKcQmzQDz2HfG7scyPk=\""},{"Name":"Last-Modified","Value":"Thu, 15 Jan 2026 23:28:14 GMT"}],"EndpointProperties":[{"Name":"integrity","Value":"sha256-UzJrkWuBfPof0Y+lKCg41Z0cyKcQmzQDz2HfG7scyPk="}]},{"Route":"public/privacy.md","AssetFile":"public/privacy.md","Selectors":[],"ResponseHeaders":[{"Name":"Cache-Control","Value":"no-cache"},{"Name":"Content-Length","Value":"539"},{"Name":"Content-Type","Value":"text/markdown"},{"Name":"ETag","Value":"\"EvLfnXa0tAfAhXIV9pU6WseMR/4aB1JOnNfn8I9McSk=\""},{"Name":"Last-Modified","Value":"Thu, 15 Jan 2026 23:27:32 GMT"}],"EndpointProperties":[{"Name":"integrity","Value":"sha256-EvLfnXa0tAfAhXIV9pU6WseMR/4aB1JOnNfn8I9McSk="}]},{"Route":"public/privacy.yj6r8vt4g2.md","AssetFile":"public/privacy.md","Selectors":[],"ResponseHeaders":[{"Name":"Cache-Control","Value":"max-age=31536000, immutable"},{"Name":"Content-Length","Value":"539"},{"Name":"Content-Type","Value":"text/markdown"},{"Name":"ETag","Value":"\"EvLfnXa0tAfAhXIV9pU6WseMR/4aB1JOnNfn8I9McSk=\""},{"Name":"Last-Modified","Value":"Thu, 15 Jan 2026 23:27:32 GMT"}],"EndpointProperties":[{"Name":"fingerprint","Value":"yj6r8vt4g2"},{"Name":"integrity","Value":"sha256-EvLfnXa0tAfAhXIV9pU6WseMR/4aB1JOnNfn8I9McSk="},{"Name":"label","Value":"public/privacy.md"}]},{"Route":"public/public.b0j2ommd82.js","AssetFile":"public/public.js","Selectors":[],"ResponseHeaders":[{"Name":"Cache-Control","Value":"max-age=31536000, immutable"},{"Name":"Content-Length","Value":"3505"},{"Name":"Content-Type","Value":"text/javascript"},{"Name":"ETag","Value":"\"RWP4u9GvsN2R50kec4U7UqHMn2/PrOG7tXNDxKfu0xM=\""},{"Name":"Last-Modified","Value":"Mon, 12 Jan 2026 23:31:01 GMT"}],"EndpointProperties":[{"Name":"fingerprint","Value":"b0j2ommd82"},{"Name":"integrity","Value":"sha256-RWP4u9GvsN2R50kec4U7UqHMn2/PrOG7tXNDxKfu0xM="},{"Name":"label","Value":"public/public.js"}]},{"Route":"public/public.cp5inp42dy.css","AssetFile":"public/public.css","Selectors":[],"ResponseHeaders":[{"Name":"Cache-Control","Value":"max-age=31536000, immutable"},{"Name":"Content-Length","Value":"2291"},{"Name":"Content-Type","Value":"text/css"},{"Name":"ETag","Value":"\"oNe9YWm23ISTN7GLtFk5M6afRBwZVMmwKqQVMEXrVlo=\""},{"Name":"Last-Modified","Value":"Thu, 15 Jan 2026 23:40:51 GMT"}],"EndpointProperties":[{"Name":"fingerprint","Value":"cp5inp42dy"},{"Name":"integrity","Value":"sha256-oNe9YWm23ISTN7GLtFk5M6afRBwZVMmwKqQVMEXrVlo="},{"Name":"label","Value":"public/public.css"}]},{"Route":"public/public.css","AssetFile":"public/public.css","Selectors":[],"ResponseHeaders":[{"Name":"Cache-Control","Value":"no-cache"},{"Name":"Content-Length","Value":"2291"},{"Name":"Content-Type","Value":"text/css"},{"Name":"ETag","Value":"\"oNe9YWm23ISTN7GLtFk5M6afRBwZVMmwKqQVMEXrVlo=\""},{"Name":"Last-Modified","Value":"Thu, 15 Jan 2026 23:40:51 GMT"}],"EndpointProperties":[{"Name":"integrity","Value":"sha256-oNe9YWm23ISTN7GLtFk5M6afRBwZVMmwKqQVMEXrVlo="}]},{"Route":"public/public.js","AssetFile":"public/public.js","Selectors":[],"ResponseHeaders":[{"Name":"Cache-Control","Value":"no-cache"},{"Name":"Content-Length","Value":"3505"},{"Name":"Content-Type","Value":"text/javascript"},{"Name":"ETag","Value":"\"RWP4u9GvsN2R50kec4U7UqHMn2/PrOG7tXNDxKfu0xM=\""},{"Name":"Last-Modified","Value":"Mon, 12 Jan 2026 23:31:01 GMT"}],"EndpointProperties":[{"Name":"integrity","Value":"sha256-RWP4u9GvsN2R50kec4U7UqHMn2/PrOG7tXNDxKfu0xM="}]},{"Route":"public/terms.html","AssetFile":"public/terms.html","Selectors":[],"ResponseHeaders":[{"Name":"Cache-Control","Value":"no-cache"},{"Name":"Content-Length","Value":"601"},{"Name":"Content-Type","Value":"text/html"},{"Name":"ETag","Value":"\"IHJ1TEC/Ie7Qh3t4H7J03zRKCXGskP3uzrUCCipk/Rc=\""},{"Name":"Last-Modified","Value":"Thu, 15 Jan 2026 23:27:55 GMT"}],"EndpointProperties":[{"Name":"integrity","Value":"sha256-IHJ1TEC/Ie7Qh3t4H7J03zRKCXGskP3uzrUCCipk/Rc="}]},{"Route":"public/terms.htrt2xtgjm.md","AssetFile":"public/terms.md","Selectors":[],"ResponseHeaders":[{"Name":"Cache-Control","Value":"max-age=31536000, immutable"},{"Name":"Content-Length","Value":"597"},{"Name":"Content-Type","Value":"text/markdown"},{"Name":"ETag","Value":"\"FWjbtrzYq8kpmXet9LtEzTsnos0DxrfqIq5m3H7TVoE=\""},{"Name":"Last-Modified","Value":"Thu, 15 Jan 2026 23:27:16 GMT"}],"EndpointProperties":[{"Name":"fingerprint","Value":"htrt2xtgjm"},{"Name":"integrity","Value":"sha256-FWjbtrzYq8kpmXet9LtEzTsnos0DxrfqIq5m3H7TVoE="},{"Name":"label","Value":"public/terms.md"}]},{"Route":"public/terms.k795s54fyg.html","AssetFile":"public/terms.html","Selectors":[],"ResponseHeaders":[{"Name":"Cache-Control","Value":"max-age=31536000, immutable"},{"Name":"Content-Length","Value":"601"},{"Name":"Content-Type","Value":"text/html"},{"Name":"ETag","Value":"\"IHJ1TEC/Ie7Qh3t4H7J03zRKCXGskP3uzrUCCipk/Rc=\""},{"Name":"Last-Modified","Value":"Thu, 15 Jan 2026 23:27:55 GMT"}],"EndpointProperties":[{"Name":"fingerprint","Value":"k795s54fyg"},{"Name":"integrity","Value":"sha256-IHJ1TEC/Ie7Qh3t4H7J03zRKCXGskP3uzrUCCipk/Rc="},{"Name":"label","Value":"public/terms.html"}]},{"Route":"public/terms.md","AssetFile":"public/terms.md","Selectors":[],"ResponseHeaders":[{"Name":"Cache-Control","Value":"no-cache"},{"Name":"Content-Length","Value":"597"},{"Name":"Content-Type","Value":"text/markdown"},{"Name":"ETag","Value":"\"FWjbtrzYq8kpmXet9LtEzTsnos0DxrfqIq5m3H7TVoE=\""},{"Name":"Last-Modified","Value":"Thu, 15 Jan 2026 23:27:16 GMT"}],"EndpointProperties":[{"Name":"integrity","Value":"sha256-FWjbtrzYq8kpmXet9LtEzTsnos0DxrfqIq5m3H7TVoE="}]},{"Route":"shared/api.deznhzj4wl.js","AssetFile":"shared/api.js","Selectors":[],"ResponseHeaders":[{"Name":"Cache-Control","Value":"max-age=31536000, immutable"},{"Name":"Content-Length","Value":"1599"},{"Name":"Content-Type","Value":"text/javascript"},{"Name":"ETag","Value":"\"C6CrCqkIRtail7ENf49D+DJk5vPzqRfSCD0zu2nLN60=\""},{"Name":"Last-Modified","Value":"Mon, 19 Jan 2026 22:00:13 GMT"}],"EndpointProperties":[{"Name":"fingerprint","Value":"deznhzj4wl"},{"Name":"integrity","Value":"sha256-C6CrCqkIRtail7ENf49D+DJk5vPzqRfSCD0zu2nLN60="},{"Name":"label","Value":"shared/api.js"}]},{"Route":"shared/api.js","AssetFile":"shared/api.js","Selectors":[],"ResponseHeaders":[{"Name":"Cache-Control","Value":"no-cache"},{"Name":"Content-Length","Value":"1599"},{"Name":"Content-Type","Value":"text/javascript"},{"Name":"ETag","Value":"\"C6CrCqkIRtail7ENf49D+DJk5vPzqRfSCD0zu2nLN60=\""},{"Name":"Last-Modified","Value":"Mon, 19 Jan 2026 22:00:13 GMT"}],"EndpointProperties":[{"Name":"integrity","Value":"sha256-C6CrCqkIRtail7ENf49D+DJk5vPzqRfSCD0zu2nLN60="}]},{"Route":"shared/auth.io3yhnf2bx.js","AssetFile":"shared/auth.js","Selectors":[],"ResponseHeaders":[{"Name":"Cache-Control","Value":"max-age=31536000, immutable"},{"Name":"Content-Length","Value":"1733"},{"Name":"Content-Type","Value":"text/javascript"},{"Name":"ETag","Value":"\"IiQeTFlQ2588OH2RU9Um3WggLVjQlTxv2zpjI/qgSoE=\""},{"Name":"Last-Modified","Value":"Fri, 16 Jan 2026 07:59:27 GMT"}],"EndpointProperties":[{"Name":"fingerprint","Value":"io3yhnf2bx"},{"Name":"integrity","Value":"sha256-IiQeTFlQ2588OH2RU9Um3WggLVjQlTxv2zpjI/qgSoE="},{"Name":"label","Value":"shared/auth.js"}]},{"Route":"shared/auth.js","AssetFile":"shared/auth.js","Selectors":[],"ResponseHeaders":[{"Name":"Cache-Control","Value":"no-cache"},{"Name":"Content-Length","Value":"1733"},{"Name":"Content-Type","Value":"text/javascript"},{"Name":"ETag","Value":"\"IiQeTFlQ2588OH2RU9Um3WggLVjQlTxv2zpjI/qgSoE=\""},{"Name":"Last-Modified","Value":"Fri, 16 Jan 2026 07:59:27 GMT"}],"EndpointProperties":[{"Name":"integrity","Value":"sha256-IiQeTFlQ2588OH2RU9Um3WggLVjQlTxv2zpjI/qgSoE="}]},{"Route":"shared/i18n.9pgmc7zlnj.js","AssetFile":"shared/i18n.js","Selectors":[],"ResponseHeaders":[{"Name":"Cache-Control","Value":"max-age=31536000, immutable"},{"Name":"Content-Length","Value":"2757"},{"Name":"Content-Type","Value":"text/javascript"},{"Name":"ETag","Value":"\"84nkRa02WSjVNPpz/XepLgERemg0ssyU2hKagigSFik=\""},{"Name":"Last-Modified","Value":"Wed, 14 Jan 2026 15:46:20 GMT"}],"EndpointProperties":[{"Name":"fingerprint","Value":"9pgmc7zlnj"},{"Name":"integrity","Value":"sha256-84nkRa02WSjVNPpz/XepLgERemg0ssyU2hKagigSFik="},{"Name":"label","Value":"shared/i18n.js"}]},{"Route":"shared/i18n.js","AssetFile":"shared/i18n.js","Selectors":[],"ResponseHeaders":[{"Name":"Cache-Control","Value":"no-cache"},{"Name":"Content-Length","Value":"2757"},{"Name":"Content-Type","Value":"text/javascript"},{"Name":"ETag","Value":"\"84nkRa02WSjVNPpz/XepLgERemg0ssyU2hKagigSFik=\""},{"Name":"Last-Modified","Value":"Wed, 14 Jan 2026 15:46:20 GMT"}],"EndpointProperties":[{"Name":"integrity","Value":"sha256-84nkRa02WSjVNPpz/XepLgERemg0ssyU2hKagigSFik="}]},{"Route":"shared/markdown.js","AssetFile":"shared/markdown.js","Selectors":[],"ResponseHeaders":[{"Name":"Cache-Control","Value":"no-cache"},{"Name":"Content-Length","Value":"1850"},{"Name":"Content-Type","Value":"text/javascript"},{"Name":"ETag","Value":"\"HACJUpQ/6P2jBLIemR1PACL/NTxM5n60ZbhjjoFWWCY=\""},{"Name":"Last-Modified","Value":"Thu, 15 Jan 2026 23:26:56 GMT"}],"EndpointProperties":[{"Name":"integrity","Value":"sha256-HACJUpQ/6P2jBLIemR1PACL/NTxM5n60ZbhjjoFWWCY="}]},{"Route":"shared/markdown.wpcib983h3.js","AssetFile":"shared/markdown.js","Selectors":[],"ResponseHeaders":[{"Name":"Cache-Control","Value":"max-age=31536000, immutable"},{"Name":"Content-Length","Value":"1850"},{"Name":"Content-Type","Value":"text/javascript"},{"Name":"ETag","Value":"\"HACJUpQ/6P2jBLIemR1PACL/NTxM5n60ZbhjjoFWWCY=\""},{"Name":"Last-Modified","Value":"Thu, 15 Jan 2026 23:26:56 GMT"}],"EndpointProperties":[{"Name":"fingerprint","Value":"wpcib983h3"},{"Name":"integrity","Value":"sha256-HACJUpQ/6P2jBLIemR1PACL/NTxM5n60ZbhjjoFWWCY="},{"Name":"label","Value":"shared/markdown.js"}]},{"Route":"shared/templates.js","AssetFile":"shared/templates.js","Selectors":[],"ResponseHeaders":[{"Name":"Cache-Control","Value":"no-cache"},{"Name":"Content-Length","Value":"278"},{"Name":"Content-Type","Value":"text/javascript"},{"Name":"ETag","Value":"\"UkTWkOffFGy2Q0/CUI55XVWV0zg7DHNEuY89BJGnVnU=\""},{"Name":"Last-Modified","Value":"Mon, 12 Jan 2026 22:49:43 GMT"}],"EndpointProperties":[{"Name":"integrity","Value":"sha256-UkTWkOffFGy2Q0/CUI55XVWV0zg7DHNEuY89BJGnVnU="}]},{"Route":"shared/templates.mqvol83mep.js","AssetFile":"shared/templates.js","Selectors":[],"ResponseHeaders":[{"Name":"Cache-Control","Value":"max-age=31536000, immutable"},{"Name":"Content-Length","Value":"278"},{"Name":"Content-Type","Value":"text/javascript"},{"Name":"ETag","Value":"\"UkTWkOffFGy2Q0/CUI55XVWV0zg7DHNEuY89BJGnVnU=\""},{"Name":"Last-Modified","Value":"Mon, 12 Jan 2026 22:49:43 GMT"}],"EndpointProperties":[{"Name":"fingerprint","Value":"mqvol83mep"},{"Name":"integrity","Value":"sha256-UkTWkOffFGy2Q0/CUI55XVWV0zg7DHNEuY89BJGnVnU="},{"Name":"label","Value":"shared/templates.js"}]},{"Route":"shared/utils.js","AssetFile":"shared/utils.js","Selectors":[],"ResponseHeaders":[{"Name":"Cache-Control","Value":"no-cache"},{"Name":"Content-Length","Value":"2117"},{"Name":"Content-Type","Value":"text/javascript"},{"Name":"ETag","Value":"\"DDzlv1W/jCy8759T48z2du/hz/X6QOA2OJhlfE9EgeY=\""},{"Name":"Last-Modified","Value":"Wed, 14 Jan 2026 11:40:46 GMT"}],"EndpointProperties":[{"Name":"integrity","Value":"sha256-DDzlv1W/jCy8759T48z2du/hz/X6QOA2OJhlfE9EgeY="}]},{"Route":"shared/utils.s60g3nwfih.js","AssetFile":"shared/utils.js","Selectors":[],"ResponseHeaders":[{"Name":"Cache-Control","Value":"max-age=31536000, immutable"},{"Name":"Content-Length","Value":"2117"},{"Name":"Content-Type","Value":"text/javascript"},{"Name":"ETag","Value":"\"DDzlv1W/jCy8759T48z2du/hz/X6QOA2OJhlfE9EgeY=\""},{"Name":"Last-Modified","Value":"Wed, 14 Jan 2026 11:40:46 GMT"}],"EndpointProperties":[{"Name":"fingerprint","Value":"s60g3nwfih"},{"Name":"integrity","Value":"sha256-DDzlv1W/jCy8759T48z2du/hz/X6QOA2OJhlfE9EgeY="},{"Name":"label","Value":"shared/utils.js"}]}]}