{"Version":1,"ManifestType":"Publish","Endpoints":[{"Route":"admin/admin.css","AssetFile":"admin/admin.css","Selectors":[],"ResponseHeaders":[{"Name":"Cache-Control","Value":"no-cache"},{"Name":"Content-Length","Value":"10073"},{"Name":"Content-Type","Value":"text/css"},{"Name":"ETag","Value":"\"CE6S+DGkJSL5BsNj6OTVZ7X/JiLJpDeOANJ8DSZly+s=\""},{"Name":"Last-Modified","Value":"Tue, 13 Jan 2026 05:56:11 GMT"}],"EndpointProperties":[{"Name":"integrity","Value":"sha256-CE6S+DGkJSL5BsNj6OTVZ7X/JiLJpDeOANJ8DSZly+s="}]},{"Route":"admin/admin.i5iiibrxy1.js","AssetFile":"admin/admin.js","Selectors":[],"ResponseHeaders":[{"Name":"Cache-Control","Value":"max-age=31536000, immutable"},{"Name":"Content-Length","Value":"77755"},{"Name":"Content-Type","Value":"text/javascript"},{"Name":"ETag","Value":"\"Znriu+mGY8hZhlQCU3DYLZ1GdZgikMxe4Oqa18P2SR0=\""},{"Name":"Last-Modified","Value":"Tue, 13 Jan 2026 05:57:48 GMT"}],"EndpointProperties":[{"Name":"fingerprint","Value":"i5iiibrxy1"},{"Name":"integrity","Value":"sha256-Znriu+mGY8hZhlQCU3DYLZ1GdZgikMxe4Oqa18P2SR0="},{"Name":"label","Value":"admin/admin.js"}]},{"Route":"admin/admin.js","AssetFile":"admin/admin.js","Selectors":[],"ResponseHeaders":[{"Name":"Cache-Control","Value":"no-cache"},{"Name":"Content-Length","Value":"77755"},{"Name":"Content-Type","Value":"text/javascript"},{"Name":"ETag","Value":"\"Znriu+mGY8hZhlQCU3DYLZ1GdZgikMxe4Oqa18P2SR0=\""},{"Name":"Last-Modified","Value":"Tue, 13 Jan 2026 05:57:48 GMT"}],"EndpointProperties":[{"Name":"integrity","Value":"sha256-Znriu+mGY8hZhlQCU3DYLZ1GdZgikMxe4Oqa18P2SR0="}]},{"Route":"admin/admin.kxojp9rulq.css","AssetFile":"admin/admin.css","Selectors":[],"ResponseHeaders":[{"Name":"Cache-Control","Value":"max-age=31536000, immutable"},{"Name":"Content-Length","Value":"10073"},{"Name":"Content-Type","Value":"text/css"},{"Name":"ETag","Value":"\"CE6S+DGkJSL5BsNj6OTVZ7X/JiLJpDeOANJ8DSZly+s=\""},{"Name":"Last-Modified","Value":"Tue, 13 Jan 2026 05:56:11 GMT"}],"EndpointProperties":[{"Name":"fingerprint","Value":"kxojp9rulq"},{"Name":"integrity","Value":"sha256-CE6S+DGkJSL5BsNj6OTVZ7X/JiLJpDeOANJ8DSZly+s="},{"Name":"label","Value":"admin/admin.css"}]},{"Route":"admin/index.html","AssetFile":"admin/index.html","Selectors":[],"ResponseHeaders":[{"Name":"Cache-Control","Value":"no-cache"},{"Name":"Content-Length","Value":"570"},{"Name":"Content-Type","Value":"text/html"},{"Name":"ETag","Value":"\"IFu/qtUqbYNI7/xTMiJgSpfsAw2vc1RTfkRCb73306I=\""},{"Name":"Last-Modified","Value":"Tue, 13 Jan 2026 00:01:54 GMT"}],"EndpointProperties":[{"Name":"integrity","Value":"sha256-IFu/qtUqbYNI7/xTMiJgSpfsAw2vc1RTfkRCb73306I="}]},{"Route":"admin/index.sha49x0m5a.html","AssetFile":"admin/index.html","Selectors":[],"ResponseHeaders":[{"Name":"Cache-Control","Value":"max-age=31536000, immutable"},{"Name":"Content-Length","Value":"570"},{"Name":"Content-Type","Value":"text/html"},{"Name":"ETag","Value":"\"IFu/qtUqbYNI7/xTMiJgSpfsAw2vc1RTfkRCb73306I=\""},{"Name":"Last-Modified","Value":"Tue, 13 Jan 2026 00:01:54 GMT"}],"EndpointProperties":[{"Name":"fingerprint","Value":"sha49x0m5a"},{"Name":"integrity","Value":"sha256-IFu/qtUqbYNI7/xTMiJgSpfsAw2vc1RTfkRCb73306I="},{"Name":"label","Value":"admin/index.html"}]},{"Route":"app/app.0ejlr52nqz.css","AssetFile":"app/app.css","Selectors":[],"ResponseHeaders":[{"Name":"Cache-Control","Value":"max-age=31536000, immutable"},{"Name":"Content-Length","Value":"4378"},{"Name":"Content-Type","Value":"text/css"},{"Name":"ETag","Value":"\"aGQkBjhwz+tWFL9wiaqKN3PXqfHTbWiHukdXJ3NfWPg=\""},{"Name":"Last-Modified","Value":"Tue, 13 Jan 2026 01:15:04 GMT"}],"EndpointProperties":[{"Name":"fingerprint","Value":"0ejlr52nqz"},{"Name":"integrity","Value":"sha256-aGQkBjhwz+tWFL9wiaqKN3PXqfHTbWiHukdXJ3NfWPg="},{"Name":"label","Value":"app/app.css"}]},{"Route":"app/app.css","AssetFile":"app/app.css","Selectors":[],"ResponseHeaders":[{"Name":"Cache-Control","Value":"no-cache"},{"Name":"Content-Length","Value":"4378"},{"Name":"Content-Type","Value":"text/css"},{"Name":"ETag","Value":"\"aGQkBjhwz+tWFL9wiaqKN3PXqfHTbWiHukdXJ3NfWPg=\""},{"Name":"Last-Modified","Value":"Tue, 13 Jan 2026 01:15:04 GMT"}],"EndpointProperties":[{"Name":"integrity","Value":"sha256-aGQkBjhwz+tWFL9wiaqKN3PXqfHTbWiHukdXJ3NfWPg="}]},{"Route":"app/app.js","AssetFile":"app/app.js","Selectors":[],"ResponseHeaders":[{"Name":"Cache-Control","Value":"no-cache"},{"Name":"Content-Length","Value":"23214"},{"Name":"Content-Type","Value":"text/javascript"},{"Name":"ETag","Value":"\"GTMYw3Rb22P9cmnxw5ogQqdCwceysfnki+im1isQ4/w=\""},{"Name":"Last-Modified","Value":"Tue, 13 Jan 2026 01:14:55 GMT"}],"EndpointProperties":[{"Name":"integrity","Value":"sha256-GTMYw3Rb22P9cmnxw5ogQqdCwceysfnki+im1isQ4/w="}]},{"Route":"app/app.zdvg2epku4.js","AssetFile":"app/app.js","Selectors":[],"ResponseHeaders":[{"Name":"Cache-Control","Value":"max-age=31536000, immutable"},{"Name":"Content-Length","Value":"23214"},{"Name":"Content-Type","Value":"text/javascript"},{"Name":"ETag","Value":"\"GTMYw3Rb22P9cmnxw5ogQqdCwceysfnki+im1isQ4/w=\""},{"Name":"Last-Modified","Value":"Tue, 13 Jan 2026 01:14:55 GMT"}],"EndpointProperties":[{"Name":"fingerprint","Value":"zdvg2epku4"},{"Name":"integrity","Value":"sha256-GTMYw3Rb22P9cmnxw5ogQqdCwceysfnki+im1isQ4/w="},{"Name":"label","Value":"app/app.js"}]},{"Route":"app/index.467l190gqj.html","AssetFile":"app/index.html","Selectors":[],"ResponseHeaders":[{"Name":"Cache-Control","Value":"max-age=31536000, immutable"},{"Name":"Content-Length","Value":"557"},{"Name":"Content-Type","Value":"text/html"},{"Name":"ETag","Value":"\"jHzyP2Fy9cMy3PwpaRTlYw/lII2CuLehybnLipQlE6s=\""},{"Name":"Last-Modified","Value":"Tue, 13 Jan 2026 00:02:02 GMT"}],"EndpointProperties":[{"Name":"fingerprint","Value":"467l190gqj"},{"Name":"integrity","Value":"sha256-jHzyP2Fy9cMy3PwpaRTlYw/lII2CuLehybnLipQlE6s="},{"Name":"label","Value":"app/index.html"}]},{"Route":"app/index.html","AssetFile":"app/index.html","Selectors":[],"ResponseHeaders":[{"Name":"Cache-Control","Value":"no-cache"},{"Name":"Content-Length","Value":"557"},{"Name":"Content-Type","Value":"text/html"},{"Name":"ETag","Value":"\"jHzyP2Fy9cMy3PwpaRTlYw/lII2CuLehybnLipQlE6s=\""},{"Name":"Last-Modified","Value":"Tue, 13 Jan 2026 00:02:02 GMT"}],"EndpointProperties":[{"Name":"integrity","Value":"sha256-jHzyP2Fy9cMy3PwpaRTlYw/lII2CuLehybnLipQlE6s="}]},{"Route":"assets/logo-placeholder.0c1rjr4qhr.svg","AssetFile":"assets/logo-placeholder.svg","Selectors":[],"ResponseHeaders":[{"Name":"Cache-Control","Value":"max-age=31536000, immutable"},{"Name":"Content-Length","Value":"574"},{"Name":"Content-Type","Value":"image/svg+xml"},{"Name":"ETag","Value":"\"gD41EsUhKUsOqZyTc/9A6pSbdSkG/c8wpWgaqOM7pVo=\""},{"Name":"Last-Modified","Value":"Tue, 13 Jan 2026 00:55:25 GMT"}],"EndpointProperties":[{"Name":"fingerprint","Value":"0c1rjr4qhr"},{"Name":"integrity","Value":"sha256-gD41EsUhKUsOqZyTc/9A6pSbdSkG/c8wpWgaqOM7pVo="},{"Name":"label","Value":"assets/logo-placeholder.svg"}]},{"Route":"assets/logo-placeholder.svg","AssetFile":"assets/logo-placeholder.svg","Selectors":[],"ResponseHeaders":[{"Name":"Cache-Control","Value":"max-age=3600, must-revalidate"},{"Name":"Content-Length","Value":"574"},{"Name":"Content-Type","Value":"image/svg+xml"},{"Name":"ETag","Value":"\"gD41EsUhKUsOqZyTc/9A6pSbdSkG/c8wpWgaqOM7pVo=\""},{"Name":"Last-Modified","Value":"Tue, 13 Jan 2026 00:55:25 GMT"}],"EndpointProperties":[{"Name":"integrity","Value":"sha256-gD41EsUhKUsOqZyTc/9A6pSbdSkG/c8wpWgaqOM7pVo="}]},{"Route":"public/index.3g92llfvo1.html","AssetFile":"public/index.html","Selectors":[],"ResponseHeaders":[{"Name":"Cache-Control","Value":"max-age=31536000, immutable"},{"Name":"Content-Length","Value":"573"},{"Name":"Content-Type","Value":"text/html"},{"Name":"ETag","Value":"\"rQoN7yMbIpu83dpSYvOdd/EQ6dE6/UqY5J0PhDFdDms=\""},{"Name":"Last-Modified","Value":"Mon, 12 Jan 2026 23:42:13 GMT"}],"EndpointProperties":[{"Name":"fingerprint","Value":"3g92llfvo1"},{"Name":"integrity","Value":"sha256-rQoN7yMbIpu83dpSYvOdd/EQ6dE6/UqY5J0PhDFdDms="},{"Name":"label","Value":"public/index.html"}]},{"Route":"public/index.html","AssetFile":"public/index.html","Selectors":[],"ResponseHeaders":[{"Name":"Cache-Control","Value":"no-cache"},{"Name":"Content-Length","Value":"573"},{"Name":"Content-Type","Value":"text/html"},{"Name":"ETag","Value":"\"rQoN7yMbIpu83dpSYvOdd/EQ6dE6/UqY5J0PhDFdDms=\""},{"Name":"Last-Modified","Value":"Mon, 12 Jan 2026 23:42:13 GMT"}],"EndpointProperties":[{"Name":"integrity","Value":"sha256-rQoN7yMbIpu83dpSYvOdd/EQ6dE6/UqY5J0PhDFdDms="}]},{"Route":"public/public.ae9yp2l0zj.css","AssetFile":"public/public.css","Selectors":[],"ResponseHeaders":[{"Name":"Cache-Control","Value":"max-age=31536000, immutable"},{"Name":"Content-Length","Value":"1542"},{"Name":"Content-Type","Value":"text/css"},{"Name":"ETag","Value":"\"ErWJMCzQWVYwrfo2YbLlZZETENhYWpnIO0L+j0tT4iQ=\""},{"Name":"Last-Modified","Value":"Tue, 13 Jan 2026 00:53:37 GMT"}],"EndpointProperties":[{"Name":"fingerprint","Value":"ae9yp2l0zj"},{"Name":"integrity","Value":"sha256-ErWJMCzQWVYwrfo2YbLlZZETENhYWpnIO0L+j0tT4iQ="},{"Name":"label","Value":"public/public.css"}]},{"Route":"public/public.b0j2ommd82.js","AssetFile":"public/public.js","Selectors":[],"ResponseHeaders":[{"Name":"Cache-Control","Value":"max-age=31536000, immutable"},{"Name":"Content-Length","Value":"3505"},{"Name":"Content-Type","Value":"text/javascript"},{"Name":"ETag","Value":"\"RWP4u9GvsN2R50kec4U7UqHMn2/PrOG7tXNDxKfu0xM=\""},{"Name":"Last-Modified","Value":"Mon, 12 Jan 2026 23:31:01 GMT"}],"EndpointProperties":[{"Name":"fingerprint","Value":"b0j2ommd82"},{"Name":"integrity","Value":"sha256-RWP4u9GvsN2R50kec4U7UqHMn2/PrOG7tXNDxKfu0xM="},{"Name":"label","Value":"public/public.js"}]},{"Route":"public/public.css","AssetFile":"public/public.css","Selectors":[],"ResponseHeaders":[{"Name":"Cache-Control","Value":"no-cache"},{"Name":"Content-Length","Value":"1542"},{"Name":"Content-Type","Value":"text/css"},{"Name":"ETag","Value":"\"ErWJMCzQWVYwrfo2YbLlZZETENhYWpnIO0L+j0tT4iQ=\""},{"Name":"Last-Modified","Value":"Tue, 13 Jan 2026 00:53:37 GMT"}],"EndpointProperties":[{"Name":"integrity","Value":"sha256-ErWJMCzQWVYwrfo2YbLlZZETENhYWpnIO0L+j0tT4iQ="}]},{"Route":"public/public.js","AssetFile":"public/public.js","Selectors":[],"ResponseHeaders":[{"Name":"Cache-Control","Value":"no-cache"},{"Name":"Content-Length","Value":"3505"},{"Name":"Content-Type","Value":"text/javascript"},{"Name":"ETag","Value":"\"RWP4u9GvsN2R50kec4U7UqHMn2/PrOG7tXNDxKfu0xM=\""},{"Name":"Last-Modified","Value":"Mon, 12 Jan 2026 23:31:01 GMT"}],"EndpointProperties":[{"Name":"integrity","Value":"sha256-RWP4u9GvsN2R50kec4U7UqHMn2/PrOG7tXNDxKfu0xM="}]},{"Route":"shared/api.ca00wsmoj0.js","AssetFile":"shared/api.js","Selectors":[],"ResponseHeaders":[{"Name":"Cache-Control","Value":"max-age=31536000, immutable"},{"Name":"Content-Length","Value":"1344"},{"Name":"Content-Type","Value":"text/javascript"},{"Name":"ETag","Value":"\"jI5dbeuuQxnAGFeyzEukhvp7b/gZ08j1tmsGchwSNkg=\""},{"Name":"Last-Modified","Value":"Mon, 12 Jan 2026 22:49:43 GMT"}],"EndpointProperties":[{"Name":"fingerprint","Value":"ca00wsmoj0"},{"Name":"integrity","Value":"sha256-jI5dbeuuQxnAGFeyzEukhvp7b/gZ08j1tmsGchwSNkg="},{"Name":"label","Value":"shared/api.js"}]},{"Route":"shared/api.js","AssetFile":"shared/api.js","Selectors":[],"ResponseHeaders":[{"Name":"Cache-Control","Value":"no-cache"},{"Name":"Content-Length","Value":"1344"},{"Name":"Content-Type","Value":"text/javascript"},{"Name":"ETag","Value":"\"jI5dbeuuQxnAGFeyzEukhvp7b/gZ08j1tmsGchwSNkg=\""},{"Name":"Last-Modified","Value":"Mon, 12 Jan 2026 22:49:43 GMT"}],"EndpointProperties":[{"Name":"integrity","Value":"sha256-jI5dbeuuQxnAGFeyzEukhvp7b/gZ08j1tmsGchwSNkg="}]},{"Route":"shared/auth.glabqe9eju.js","AssetFile":"shared/auth.js","Selectors":[],"ResponseHeaders":[{"Name":"Cache-Control","Value":"max-age=31536000, immutable"},{"Name":"Content-Length","Value":"1189"},{"Name":"Content-Type","Value":"text/javascript"},{"Name":"ETag","Value":"\"ZGyhNNwobJB/QluO29vexN+PdZumV6XB9Rphze8HS8E=\""},{"Name":"Last-Modified","Value":"Tue, 13 Jan 2026 01:11:43 GMT"}],"EndpointProperties":[{"Name":"fingerprint","Value":"glabqe9eju"},{"Name":"integrity","Value":"sha256-ZGyhNNwobJB/QluO29vexN+PdZumV6XB9Rphze8HS8E="},{"Name":"label","Value":"shared/auth.js"}]},{"Route":"shared/auth.js","AssetFile":"shared/auth.js","Selectors":[],"ResponseHeaders":[{"Name":"Cache-Control","Value":"no-cache"},{"Name":"Content-Length","Value":"1189"},{"Name":"Content-Type","Value":"text/javascript"},{"Name":"ETag","Value":"\"ZGyhNNwobJB/QluO29vexN+PdZumV6XB9Rphze8HS8E=\""},{"Name":"Last-Modified","Value":"Tue, 13 Jan 2026 01:11:43 GMT"}],"EndpointProperties":[{"Name":"integrity","Value":"sha256-ZGyhNNwobJB/QluO29vexN+PdZumV6XB9Rphze8HS8E="}]},{"Route":"shared/templates.js","AssetFile":"shared/templates.js","Selectors":[],"ResponseHeaders":[{"Name":"Cache-Control","Value":"no-cache"},{"Name":"Content-Length","Value":"278"},{"Name":"Content-Type","Value":"text/javascript"},{"Name":"ETag","Value":"\"UkTWkOffFGy2Q0/CUI55XVWV0zg7DHNEuY89BJGnVnU=\""},{"Name":"Last-Modified","Value":"Mon, 12 Jan 2026 22:49:43 GMT"}],"EndpointProperties":[{"Name":"integrity","Value":"sha256-UkTWkOffFGy2Q0/CUI55XVWV0zg7DHNEuY89BJGnVnU="}]},{"Route":"shared/templates.mqvol83mep.js","AssetFile":"shared/templates.js","Selectors":[],"ResponseHeaders":[{"Name":"Cache-Control","Value":"max-age=31536000, immutable"},{"Name":"Content-Length","Value":"278"},{"Name":"Content-Type","Value":"text/javascript"},{"Name":"ETag","Value":"\"UkTWkOffFGy2Q0/CUI55XVWV0zg7DHNEuY89BJGnVnU=\""},{"Name":"Last-Modified","Value":"Mon, 12 Jan 2026 22:49:43 GMT"}],"EndpointProperties":[{"Name":"fingerprint","Value":"mqvol83mep"},{"Name":"integrity","Value":"sha256-UkTWkOffFGy2Q0/CUI55XVWV0zg7DHNEuY89BJGnVnU="},{"Name":"label","Value":"shared/templates.js"}]},{"Route":"shared/utils.7xg5ox4y2a.js","AssetFile":"shared/utils.js","Selectors":[],"ResponseHeaders":[{"Name":"Cache-Control","Value":"max-age=31536000, immutable"},{"Name":"Content-Length","Value":"1660"},{"Name":"Content-Type","Value":"text/javascript"},{"Name":"ETag","Value":"\"6+A013j0NYISQKumkix13f3hnJaXdStW07cuBIveZng=\""},{"Name":"Last-Modified","Value":"Mon, 12 Jan 2026 22:49:59 GMT"}],"EndpointProperties":[{"Name":"fingerprint","Value":"7xg5ox4y2a"},{"Name":"integrity","Value":"sha256-6+A013j0NYISQKumkix13f3hnJaXdStW07cuBIveZng="},{"Name":"label","Value":"shared/utils.js"}]},{"Route":"shared/utils.js","AssetFile":"shared/utils.js","Selectors":[],"ResponseHeaders":[{"Name":"Cache-Control","Value":"no-cache"},{"Name":"Content-Length","Value":"1660"},{"Name":"Content-Type","Value":"text/javascript"},{"Name":"ETag","Value":"\"6+A013j0NYISQKumkix13f3hnJaXdStW07cuBIveZng=\""},{"Name":"Last-Modified","Value":"Mon, 12 Jan 2026 22:49:59 GMT"}],"EndpointProperties":[{"Name":"integrity","Value":"sha256-6+A013j0NYISQKumkix13f3hnJaXdStW07cuBIveZng="}]}]}